survey,year,var_code,var_label,data_type,level,val_min,val_max,val_label,recode,val_length,val_na
acs5,2021,ADJHSG,Adjustment factor for housing dollar amounts (6 implied decimal places),chr,housing,1105263,1105263,2017 factor,TRUE,7,NA
acs5,2021,ADJHSG,Adjustment factor for housing dollar amounts (6 implied decimal places),chr,housing,1078962,1078962,2018 factor,TRUE,7,NA
acs5,2021,ADJHSG,Adjustment factor for housing dollar amounts (6 implied decimal places),chr,housing,1059761,1059761,2019 factor,TRUE,7,NA
acs5,2021,ADJHSG,Adjustment factor for housing dollar amounts (6 implied decimal places),chr,housing,1046695,1046695,2020 factor,TRUE,7,NA
acs5,2021,ADJHSG,Adjustment factor for housing dollar amounts (6 implied decimal places),chr,housing,1000000,1000000,2021 factor,TRUE,7,NA
acs5,2021,ADJINC,Adjustment factor for income and earnings dollar amounts (6 implied decimal places),chr,housing,1117630,1117630,2017 factor (1.011189 *  1.10526316),TRUE,7,NA
acs5,2021,ADJINC,Adjustment factor for income and earnings dollar amounts (6 implied decimal places),chr,housing,1093093,1093093,2018 factor (1.013097 *  1.07896160),TRUE,7,NA
acs5,2021,ADJINC,Adjustment factor for income and earnings dollar amounts (6 implied decimal places),chr,housing,1070512,1070512,2019 factor (1.010145 *  1.05976096),TRUE,7,NA
acs5,2021,ADJINC,Adjustment factor for income and earnings dollar amounts (6 implied decimal places),chr,housing,1053131,1053131,2020 factor (1.006149 *  1.04669465),TRUE,7,NA
acs5,2021,ADJINC,Adjustment factor for income and earnings dollar amounts (6 implied decimal places),chr,housing,1029928,1029928,2021 factor (1.029928 *  1.00000000),TRUE,7,NA
acs5,2021,WGTP,Housing Unit Weight,num,housing,0,0,Group Quarter placeholder record,FALSE,NA,NA
acs5,2021,WGTP,Housing Unit Weight,num,housing,1,9999,Integer weight of housing unit,FALSE,NA,NA
acs5,2021,NP,Number of persons associated with this housing record,num,housing,0,0,Vacant unit,FALSE,NA,NA
acs5,2021,NP,Number of persons associated with this housing record,num,housing,1,1,One person record (one person in household or any person in group quarters),FALSE,NA,NA
acs5,2021,NP,Number of persons associated with this housing record,num,housing,2,20,Number of person records (number of persons in household),FALSE,NA,NA
acs5,2021,TYPEHUGQ,Type of unit,chr,housing,1,1,Housing unit,TRUE,1,NA
acs5,2021,TYPEHUGQ,Type of unit,chr,housing,2,2,Institutional group quarters,TRUE,1,NA
acs5,2021,TYPEHUGQ,Type of unit,chr,housing,3,3,Noninstitutional group quarters,TRUE,1,NA
acs5,2021,ACCESSINET,Access to the Internet,chr,housing,b,b,N/A (GQ/vacant),TRUE,1,0
acs5,2021,ACCESSINET,Access to the Internet,chr,housing,1,1,"Yes, by paying a cell phone company or Internet service provider",TRUE,1,0
acs5,2021,ACCESSINET,Access to the Internet,chr,housing,2,2,"Yes, without paying a cell phone company or Internet service provider",TRUE,1,0
acs5,2021,ACCESSINET,Access to the Internet,chr,housing,3,3,"No access to the Internet at this house, apartment, or mobile home",TRUE,1,0
acs5,2021,ACR,Lot size,chr,housing,b,b,N/A (GQ/not a one-family house or mobile home),TRUE,1,0
acs5,2021,ACR,Lot size,chr,housing,1,1,House on less than one acre,TRUE,1,0
acs5,2021,ACR,Lot size,chr,housing,2,2,House on one to less than ten acres,TRUE,1,0
acs5,2021,ACR,Lot size,chr,housing,3,3,House on ten or more acres,TRUE,1,0
acs5,2021,AGS,"Sales of agriculture products (yearly sales, no adjustment factor is applied)",chr,housing,b,b,N/A (GQ/vacant/not a one-family house or mobile home/less than 1 acre),TRUE,1,0
acs5,2021,AGS,"Sales of agriculture products (yearly sales, no adjustment factor is applied)",chr,housing,1,1,None,TRUE,1,0
acs5,2021,AGS,"Sales of agriculture products (yearly sales, no adjustment factor is applied)",chr,housing,2,2,$    1 - $  999,TRUE,1,0
acs5,2021,AGS,"Sales of agriculture products (yearly sales, no adjustment factor is applied)",chr,housing,3,3,$ 1000 - $ 2499,TRUE,1,0
acs5,2021,AGS,"Sales of agriculture products (yearly sales, no adjustment factor is applied)",chr,housing,4,4,$ 2500 - $ 4999,TRUE,1,0
acs5,2021,AGS,"Sales of agriculture products (yearly sales, no adjustment factor is applied)",chr,housing,5,5,$ 5000 - $ 9999,TRUE,1,0
acs5,2021,AGS,"Sales of agriculture products (yearly sales, no adjustment factor is applied)",chr,housing,6,6,$10000+,TRUE,1,0
acs5,2021,BATH,Bathtub or shower,chr,housing,b,b,N/A (GQ),TRUE,1,0
acs5,2021,BATH,Bathtub or shower,chr,housing,1,1,Yes,TRUE,1,0
acs5,2021,BATH,Bathtub or shower,chr,housing,2,2,No,TRUE,1,0
acs5,2021,BDSP,Number of bedrooms,num,housing,bb,bb,N/A (GQ),FALSE,NA,NA
acs5,2021,BDSP,Number of bedrooms,num,housing,0,99,0 to 99 bedrooms (Top-coded),FALSE,NA,NA
acs5,2021,BLD,Units in structure,chr,housing,bb,bb,N/A (GQ),TRUE,2,0
acs5,2021,BLD,Units in structure,chr,housing,01,01,Mobile home or trailer,TRUE,2,0
acs5,2021,BLD,Units in structure,chr,housing,02,02,One-family house detached,TRUE,2,0
acs5,2021,BLD,Units in structure,chr,housing,03,03,One-family house attached,TRUE,2,0
acs5,2021,BLD,Units in structure,chr,housing,04,04,2 Apartments,TRUE,2,0
acs5,2021,BLD,Units in structure,chr,housing,05,05,3-4 Apartments,TRUE,2,0
acs5,2021,BLD,Units in structure,chr,housing,06,06,5-9 Apartments,TRUE,2,0
acs5,2021,BLD,Units in structure,chr,housing,07,07,10-19 Apartments,TRUE,2,0
acs5,2021,BLD,Units in structure,chr,housing,08,08,20-49 Apartments,TRUE,2,0
acs5,2021,BLD,Units in structure,chr,housing,09,09,50 or more apartments,TRUE,2,0
acs5,2021,BLD,Units in structure,chr,housing,10,10,"Boat, RV, van, etc.",TRUE,2,0
acs5,2021,BROADBND,Cellular data plan for a smartphone or other mobile device,chr,housing,b,b,N/A (GQ/vacant/no paid access to the internet),TRUE,1,0
acs5,2021,BROADBND,Cellular data plan for a smartphone or other mobile device,chr,housing,1,1,Yes,TRUE,1,0
acs5,2021,BROADBND,Cellular data plan for a smartphone or other mobile device,chr,housing,2,2,No,TRUE,1,0
acs5,2021,COMPOTHX,Other computer equipment,chr,housing,b,b,N/A (GQ/vacant),TRUE,1,0
acs5,2021,COMPOTHX,Other computer equipment,chr,housing,1,1,Yes,TRUE,1,0
acs5,2021,COMPOTHX,Other computer equipment,chr,housing,2,2,No,TRUE,1,0
acs5,2021,CONP,"Condo fee (monthly amount, use ADJHSG to adjust CONP to constant dollars)",num,housing,bbbb,bbbb,N/A (GQ/vacant units/not owned or being bought),FALSE,NA,NA
acs5,2021,CONP,"Condo fee (monthly amount, use ADJHSG to adjust CONP to constant dollars)",num,housing,0,9999,$0 - $9999 (Rounded and top-coded),FALSE,NA,NA
acs5,2021,DIALUP,Dial-up service,chr,housing,b,b,N/A (GQ/vacant/no paid access to the internet),TRUE,1,0
acs5,2021,DIALUP,Dial-up service,chr,housing,1,1,Yes,TRUE,1,0
acs5,2021,DIALUP,Dial-up service,chr,housing,2,2,No,TRUE,1,0
acs5,2021,ELEFP,Electricity cost flag variable,chr,housing,b,b,N/A (GQ/vacant),TRUE,1,0
acs5,2021,ELEFP,Electricity cost flag variable,chr,housing,1,1,Included in rent or in condo fee,TRUE,1,0
acs5,2021,ELEFP,Electricity cost flag variable,chr,housing,2,2,No charge or electricity not used,TRUE,1,0
acs5,2021,ELEFP,Electricity cost flag variable,chr,housing,3,3,Valid monthly electricity cost in ELEP,TRUE,1,0
acs5,2021,ELEP,"Electricity cost (monthly cost, use ADJHSG to adjust ELEP to constant dollars)",num,housing,bbbb,bbbb,N/A (GQ/vacant/included in rent or in condo fee/no charge or electricity not used),FALSE,NA,NA
acs5,2021,ELEP,"Electricity cost (monthly cost, use ADJHSG to adjust ELEP to constant dollars)",num,housing,3,9999,$3 to $9999 (Rounded and top-coded),FALSE,NA,NA
acs5,2021,FS,Yearly food stamp/Supplemental Nutrition Assistance Program (SNAP) recipiency,chr,housing,b,b,N/A (vacant),TRUE,1,0
acs5,2021,FS,Yearly food stamp/Supplemental Nutrition Assistance Program (SNAP) recipiency,chr,housing,1,1,Yes,TRUE,1,0
acs5,2021,FS,Yearly food stamp/Supplemental Nutrition Assistance Program (SNAP) recipiency,chr,housing,2,2,No,TRUE,1,0
acs5,2021,FULFP,Fuel cost flag variable,chr,housing,b,b,N/A (GQ/vacant),TRUE,1,0
acs5,2021,FULFP,Fuel cost flag variable,chr,housing,1,1,Included in rent or in condo fee,TRUE,1,0
acs5,2021,FULFP,Fuel cost flag variable,chr,housing,2,2,No charge or fuel other than gas or electricity not used,TRUE,1,0
acs5,2021,FULFP,Fuel cost flag variable,chr,housing,3,3,Valid annual fuel cost in FULP,TRUE,1,0
acs5,2021,FULP,"Fuel cost (yearly cost for fuels other than gas and electricity, use ADJHSG to adjust FULP to constant dollars)",num,housing,bbbb,bbbb,N/A (GQ/vacant/included in rent or in condo fee/no charge or fuel other than gas or electricity not used),FALSE,NA,NA
acs5,2021,FULP,"Fuel cost (yearly cost for fuels other than gas and electricity, use ADJHSG to adjust FULP to constant dollars)",num,housing,3,9999,$3 to $9999 (Rounded and top-coded),FALSE,NA,NA
acs5,2021,GASFP,Gas cost flag variable,chr,housing,b,b,N/A (GQ/vacant),TRUE,1,0
acs5,2021,GASFP,Gas cost flag variable,chr,housing,1,1,Included in rent or in condo fee,TRUE,1,0
acs5,2021,GASFP,Gas cost flag variable,chr,housing,2,2,Included in electricity payment,TRUE,1,0
acs5,2021,GASFP,Gas cost flag variable,chr,housing,3,3,No charge or gas not used,TRUE,1,0
acs5,2021,GASFP,Gas cost flag variable,chr,housing,4,4,Valid monthly gas cost in GASP,TRUE,1,0
acs5,2021,GASP,"Gas cost (monthly cost, use ADJHSG to adjust GASP to constant dollars)",num,housing,bbbb,bbbb,N/A (GQ/vacant/included in rent or in condo fee/included in electricity payment/no charge or gas not used),FALSE,NA,NA
acs5,2021,GASP,"Gas cost (monthly cost, use ADJHSG to adjust GASP to constant dollars)",num,housing,4,9999,$4 to $9999 (Rounded and top-coded),FALSE,NA,NA
acs5,2021,HFL,House heating fuel,chr,housing,b,b,N/A (GQ/vacant),TRUE,1,0
acs5,2021,HFL,House heating fuel,chr,housing,1,1,Utility gas,TRUE,1,0
acs5,2021,HFL,House heating fuel,chr,housing,2,2,"Bottled, tank, or LP gas",TRUE,1,0
acs5,2021,HFL,House heating fuel,chr,housing,3,3,Electricity,TRUE,1,0
acs5,2021,HFL,House heating fuel,chr,housing,4,4,"Fuel oil, kerosene, etc.",TRUE,1,0
acs5,2021,HFL,House heating fuel,chr,housing,5,5,Coal or coke,TRUE,1,0
acs5,2021,HFL,House heating fuel,chr,housing,6,6,Wood,TRUE,1,0
acs5,2021,HFL,House heating fuel,chr,housing,7,7,Solar energy,TRUE,1,0
acs5,2021,HFL,House heating fuel,chr,housing,8,8,Other fuel,TRUE,1,0
acs5,2021,HFL,House heating fuel,chr,housing,9,9,No fuel used,TRUE,1,0
acs5,2021,HISPEED,"Broadband (high speed) Internet service such as cable, fiber optic, or DSL service",chr,housing,b,b,N/A (GQ/vacant/no paid access to the internet),TRUE,1,0
acs5,2021,HISPEED,"Broadband (high speed) Internet service such as cable, fiber optic, or DSL service",chr,housing,1,1,Yes,TRUE,1,0
acs5,2021,HISPEED,"Broadband (high speed) Internet service such as cable, fiber optic, or DSL service",chr,housing,2,2,No,TRUE,1,0
acs5,2021,HOTWAT,Water heater (Puerto Rico only),chr,housing,b,b,N/A (GQ),TRUE,1,0
acs5,2021,HOTWAT,Water heater (Puerto Rico only),chr,housing,1,1,Yes,TRUE,1,0
acs5,2021,HOTWAT,Water heater (Puerto Rico only),chr,housing,2,2,No,TRUE,1,0
acs5,2021,HOTWAT,Water heater (Puerto Rico only),chr,housing,9,9,"Case is from the United States, HOTWAT not applicable",TRUE,1,0
acs5,2021,INSP,"Fire/hazard/flood insurance (yearly amount, use ADJHSG to adjust INSP to constant dollars)",num,housing,bbbbb,bbbbb,N/A (GQ/vacant/not owned or being bought),FALSE,NA,NA
acs5,2021,INSP,"Fire/hazard/flood insurance (yearly amount, use ADJHSG to adjust INSP to constant dollars)",num,housing,0,0,None,FALSE,NA,NA
acs5,2021,INSP,"Fire/hazard/flood insurance (yearly amount, use ADJHSG to adjust INSP to constant dollars)",num,housing,1,10000,$1 to $10000 (Rounded and top-coded),FALSE,NA,NA
acs5,2021,LAPTOP,Laptop or desktop,chr,housing,b,b,N/A (GQ/vacant),TRUE,1,0
acs5,2021,LAPTOP,Laptop or desktop,chr,housing,1,1,Yes,TRUE,1,0
acs5,2021,LAPTOP,Laptop or desktop,chr,housing,2,2,No,TRUE,1,0
acs5,2021,MHP,"Mobile home costs (yearly amount, use ADJHSG to adjust MHP to constant dollars)",num,housing,bbbbb,bbbbb,N/A (GQ/vacant/not owned or being bought/ not mobile home),FALSE,NA,NA
acs5,2021,MHP,"Mobile home costs (yearly amount, use ADJHSG to adjust MHP to constant dollars)",num,housing,0,0,None,FALSE,NA,NA
acs5,2021,MHP,"Mobile home costs (yearly amount, use ADJHSG to adjust MHP to constant dollars)",num,housing,1,99999,$1 to $99999 (Rounded and top-coded),FALSE,NA,NA
acs5,2021,MRGI,First mortgage payment includes fire/hazard/flood insurance,chr,housing,b,b,N/A (GQ/vacant/not owned or being bought/not mortgaged),TRUE,1,0
acs5,2021,MRGI,First mortgage payment includes fire/hazard/flood insurance,chr,housing,1,1,"Yes, insurance included in payment",TRUE,1,0
acs5,2021,MRGI,First mortgage payment includes fire/hazard/flood insurance,chr,housing,2,2,"No, insurance paid separately or no insurance",TRUE,1,0
acs5,2021,MRGP,"First mortgage payment (monthly amount, use ADJHSG to adjust MRGP to constant dollars)",num,housing,bbbbb,bbbbb,N/A (GQ/vacant/not owned or being bought/not mortgaged),FALSE,NA,NA
acs5,2021,MRGP,"First mortgage payment (monthly amount, use ADJHSG to adjust MRGP to constant dollars)",num,housing,1,99999,$1 to $99999 (Rounded and top-coded),FALSE,NA,NA
acs5,2021,MRGT,First mortgage payment includes real estate taxes,chr,housing,b,b,N/A (GQ/vacant/not owned or being bought/not mortgaged),TRUE,1,0
acs5,2021,MRGT,First mortgage payment includes real estate taxes,chr,housing,1,1,"Yes, taxes included in payment",TRUE,1,0
acs5,2021,MRGT,First mortgage payment includes real estate taxes,chr,housing,2,2,"No, taxes paid separately or taxes not required",TRUE,1,0
acs5,2021,MRGX,First mortgage status,chr,housing,b,b,N/A (GQ/vacant/not owned or being bought),TRUE,1,0
acs5,2021,MRGX,First mortgage status,chr,housing,1,1,"Mortgage, deed of trust, or similar debt",TRUE,1,0
acs5,2021,MRGX,First mortgage status,chr,housing,2,2,Contract to purchase,TRUE,1,0
acs5,2021,MRGX,First mortgage status,chr,housing,3,3,None,TRUE,1,0
acs5,2021,OTHSVCEX,Other Internet service,chr,housing,b,b,N/A (GQ/vacant/no paid access to the internet),TRUE,1,0
acs5,2021,OTHSVCEX,Other Internet service,chr,housing,1,1,Yes,TRUE,1,0
acs5,2021,OTHSVCEX,Other Internet service,chr,housing,2,2,No,TRUE,1,0
acs5,2021,REFR,Refrigerator,chr,housing,b,b,N/A (GQ),TRUE,1,0
acs5,2021,REFR,Refrigerator,chr,housing,1,1,Yes,TRUE,1,0
acs5,2021,REFR,Refrigerator,chr,housing,2,2,No,TRUE,1,0
acs5,2021,RMSP,Number of rooms,num,housing,bb,bb,N/A (GQ),FALSE,NA,NA
acs5,2021,RMSP,Number of rooms,num,housing,1,99,Rooms (Top-coded),FALSE,NA,NA
acs5,2021,RNTM,Meals included in rent,chr,housing,b,b,"N/A (GQ/vacant units, except 'for rent' and 'rented, not occupied'/owned or being bought/occupied without rent payment)",TRUE,1,0
acs5,2021,RNTM,Meals included in rent,chr,housing,1,1,Yes,TRUE,1,0
acs5,2021,RNTM,Meals included in rent,chr,housing,2,2,No,TRUE,1,0
acs5,2021,RNTP,Monthly rent (use ADJHSG to adjust RNTP to constant dollars),num,housing,bbbbb,bbbbb,"N/A (GQ/vacant units, except 'for rent' and 'rented, not occupied'/owned or being bought/occupied without rent payment)",FALSE,NA,NA
acs5,2021,RNTP,Monthly rent (use ADJHSG to adjust RNTP to constant dollars),num,housing,1,99999,$1 to $99999 (Rounded and top-coded),FALSE,NA,NA
acs5,2021,RWAT,Hot and cold running water,chr,housing,b,b,N/A (GQ),TRUE,1,0
acs5,2021,RWAT,Hot and cold running water,chr,housing,1,1,Yes,TRUE,1,0
acs5,2021,RWAT,Hot and cold running water,chr,housing,2,2,No,TRUE,1,0
acs5,2021,RWAT,Hot and cold running water,chr,housing,9,9,"Case is from Puerto Rico, RWAT not applicable",TRUE,1,0
acs5,2021,RWATPR,Running water,chr,housing,b,b,N/A (GQ),TRUE,1,0
acs5,2021,RWATPR,Running water,chr,housing,1,1,Yes,TRUE,1,0
acs5,2021,RWATPR,Running water,chr,housing,2,2,No,TRUE,1,0
acs5,2021,RWATPR,Running water,chr,housing,9,9,"Case is from the United States, RWATPR not applicable",TRUE,1,0
acs5,2021,SATELLITE,Satellite Internet service,chr,housing,b,b,N/A (GQ/vacant/no paid access to the internet),TRUE,1,0
acs5,2021,SATELLITE,Satellite Internet service,chr,housing,1,1,Yes,TRUE,1,0
acs5,2021,SATELLITE,Satellite Internet service,chr,housing,2,2,No,TRUE,1,0
acs5,2021,SINK,Sink with a faucet,chr,housing,b,b,N/A (GQ),TRUE,1,0
acs5,2021,SINK,Sink with a faucet,chr,housing,1,1,Yes,TRUE,1,0
acs5,2021,SINK,Sink with a faucet,chr,housing,2,2,No,TRUE,1,0
acs5,2021,SMARTPHONE,Smartphone,chr,housing,b,b,N/A (GQ/vacant),TRUE,1,0
acs5,2021,SMARTPHONE,Smartphone,chr,housing,1,1,Yes,TRUE,1,0
acs5,2021,SMARTPHONE,Smartphone,chr,housing,2,2,No,TRUE,1,0
acs5,2021,SMP,"Total payment on all second and junior mortgages and home equity loans (monthly amount, use ADJHSG to adjust SMP to constant dollars)",num,housing,bbbbb,bbbbb,N/A (GQ/vacant/not owned or being bought/ no second or junior mortgages or home equity loans),FALSE,NA,NA
acs5,2021,SMP,"Total payment on all second and junior mortgages and home equity loans (monthly amount, use ADJHSG to adjust SMP to constant dollars)",num,housing,0,0,No regular payment,FALSE,NA,NA
acs5,2021,SMP,"Total payment on all second and junior mortgages and home equity loans (monthly amount, use ADJHSG to adjust SMP to constant dollars)",num,housing,1,99999,$1 to $99999 (Rounded and top-coded),FALSE,NA,NA
acs5,2021,STOV,Stove or range,chr,housing,b,b,N/A (GQ),TRUE,1,0
acs5,2021,STOV,Stove or range,chr,housing,1,1,Yes,TRUE,1,0
acs5,2021,STOV,Stove or range,chr,housing,2,2,No,TRUE,1,0
acs5,2021,TABLET,Tablet or other portable wireless computer,chr,housing,b,b,N/A (GQ/vacant),TRUE,1,0
acs5,2021,TABLET,Tablet or other portable wireless computer,chr,housing,1,1,Yes,TRUE,1,0
acs5,2021,TABLET,Tablet or other portable wireless computer,chr,housing,2,2,No,TRUE,1,0
acs5,2021,TEL,Telephone service,chr,housing,b,b,N/A (GQ/vacant),TRUE,1,0
acs5,2021,TEL,Telephone service,chr,housing,1,1,Yes,TRUE,1,0
acs5,2021,TEL,Telephone service,chr,housing,2,2,No,TRUE,1,0
acs5,2021,TEL,Telephone service,chr,housing,8,8,Suppressed for data year 2019 for selected PUMAs,TRUE,1,0
acs5,2021,TEN,Tenure,chr,housing,b,b,N/A (GQ/vacant),TRUE,1,0
acs5,2021,TEN,Tenure,chr,housing,1,1,Owned with mortgage or loan (include home equity loans),TRUE,1,0
acs5,2021,TEN,Tenure,chr,housing,2,2,Owned free and clear,TRUE,1,0
acs5,2021,TEN,Tenure,chr,housing,3,3,Rented,TRUE,1,0
acs5,2021,TEN,Tenure,chr,housing,4,4,Occupied without payment of rent,TRUE,1,0
acs5,2021,VACS,Vacancy status,chr,housing,b,b,N/A (GQ/occupied),TRUE,1,0
acs5,2021,VACS,Vacancy status,chr,housing,1,1,For rent,TRUE,1,0
acs5,2021,VACS,Vacancy status,chr,housing,2,2,"Rented, not occupied",TRUE,1,0
acs5,2021,VACS,Vacancy status,chr,housing,3,3,For sale only,TRUE,1,0
acs5,2021,VACS,Vacancy status,chr,housing,4,4,"Sold, not occupied",TRUE,1,0
acs5,2021,VACS,Vacancy status,chr,housing,5,5,For seasonal/recreational/occasional use,TRUE,1,0
acs5,2021,VACS,Vacancy status,chr,housing,6,6,For migrant workers,TRUE,1,0
acs5,2021,VACS,Vacancy status,chr,housing,7,7,Other vacant,TRUE,1,0
acs5,2021,VALP,Property value,num,housing,bbbbbbb,bbbbbbb,"N/A (GQ/vacant units, except 'for-sale-only' and 'sold, not occupied'/not owned or being bought)",FALSE,NA,NA
acs5,2021,VALP,Property value,num,housing,1,9999999,$1 to $9999999 (Rounded and top-coded),FALSE,NA,NA
acs5,2021,VEH,Vehicles (1 ton or less) available,chr,housing,b,b,N/A (GQ/vacant),TRUE,1,-1
acs5,2021,VEH,Vehicles (1 ton or less) available,chr,housing,0,0,No vehicles,TRUE,1,-1
acs5,2021,VEH,Vehicles (1 ton or less) available,chr,housing,1,1,1 vehicle,TRUE,1,-1
acs5,2021,VEH,Vehicles (1 ton or less) available,chr,housing,2,2,2 vehicles,TRUE,1,-1
acs5,2021,VEH,Vehicles (1 ton or less) available,chr,housing,3,3,3 vehicles,TRUE,1,-1
acs5,2021,VEH,Vehicles (1 ton or less) available,chr,housing,4,4,4 vehicles,TRUE,1,-1
acs5,2021,VEH,Vehicles (1 ton or less) available,chr,housing,5,5,5 vehicles,TRUE,1,-1
acs5,2021,VEH,Vehicles (1 ton or less) available,chr,housing,6,6,6 or more vehicles,TRUE,1,-1
acs5,2021,WATFP,Water cost flag variable,chr,housing,b,b,N/A (GQ/vacant),TRUE,1,0
acs5,2021,WATFP,Water cost flag variable,chr,housing,1,1,Included in rent or in condo fee,TRUE,1,0
acs5,2021,WATFP,Water cost flag variable,chr,housing,2,2,No charge,TRUE,1,0
acs5,2021,WATFP,Water cost flag variable,chr,housing,3,3,Valid annual water cost in WATP,TRUE,1,0
acs5,2021,WATP,"Water cost (yearly cost, use ADJHSG to adjust WATP to constant dollars)",num,housing,bbbb,bbbb,N/A (GQ/vacant/included in rent or in condo fee/no charge),FALSE,NA,NA
acs5,2021,WATP,"Water cost (yearly cost, use ADJHSG to adjust WATP to constant dollars)",num,housing,3,9999,$3 to $9999 (Rounded and top-coded),FALSE,NA,NA
acs5,2021,YRBLT,When structure first built,chr,housing,bbbb,bbbb,N/A (GQ),TRUE,4,0
acs5,2021,YRBLT,When structure first built,chr,housing,1939,1939,1939 or earlier,TRUE,4,0
acs5,2021,YRBLT,When structure first built,chr,housing,1940,1940,1940 to 1949,TRUE,4,0
acs5,2021,YRBLT,When structure first built,chr,housing,1950,1950,1950 to 1959,TRUE,4,0
acs5,2021,YRBLT,When structure first built,chr,housing,1960,1960,1960 to 1969,TRUE,4,0
acs5,2021,YRBLT,When structure first built,chr,housing,1970,1970,1970 to 1979,TRUE,4,0
acs5,2021,YRBLT,When structure first built,chr,housing,1980,1980,1980 to 1989,TRUE,4,0
acs5,2021,YRBLT,When structure first built,chr,housing,1990,1990,1990 to 1999,TRUE,4,0
acs5,2021,YRBLT,When structure first built,chr,housing,2000,2000,2000 to 2009,TRUE,4,0
acs5,2021,YRBLT,When structure first built,chr,housing,2010,2010,2010 to 2019,TRUE,4,0
acs5,2021,YRBLT,When structure first built,chr,housing,2020,2020,2020,TRUE,4,0
acs5,2021,YRBLT,When structure first built,chr,housing,2021,2021,2021,TRUE,4,0
acs5,2021,CPLT,Couple type,chr,housing,b,b,N/A (GQ/vacant/non-couple households),TRUE,1,0
acs5,2021,CPLT,Couple type,chr,housing,1,1,Opposite-sex husband/wife/spouse household,TRUE,1,0
acs5,2021,CPLT,Couple type,chr,housing,2,2,Same-sex husband/wife/spouse/household,TRUE,1,0
acs5,2021,CPLT,Couple type,chr,housing,3,3,Opposite-sex unmarried partner household,TRUE,1,0
acs5,2021,CPLT,Couple type,chr,housing,4,4,Same-sex unmarried partner household,TRUE,1,0
acs5,2021,FINCP,"Family income (past 12 months, use ADJINC to adjust FINCP to constant dollars)",num,housing,bbbbbbbb,bbbbbbbb,N/A (GQ/vacant),FALSE,NA,NA
acs5,2021,FINCP,"Family income (past 12 months, use ADJINC to adjust FINCP to constant dollars)",num,housing,0,0,No family income,FALSE,NA,NA
acs5,2021,FINCP,"Family income (past 12 months, use ADJINC to adjust FINCP to constant dollars)",num,housing,-59999,-59999,"Loss of $59,999 or more",FALSE,NA,NA
acs5,2021,FINCP,"Family income (past 12 months, use ADJINC to adjust FINCP to constant dollars)",num,housing,-59998,-1,"Loss of $1 to $59,998",FALSE,NA,NA
acs5,2021,FINCP,"Family income (past 12 months, use ADJINC to adjust FINCP to constant dollars)",num,housing,1,99999999,Total family income in dollars (Components are rounded),FALSE,NA,NA
acs5,2021,FPARC,Family presence and age of related children,chr,housing,b,b,N/A (GQ/vacant/not a family),TRUE,1,0
acs5,2021,FPARC,Family presence and age of related children,chr,housing,1,1,With related children under 5 years only,TRUE,1,0
acs5,2021,FPARC,Family presence and age of related children,chr,housing,2,2,With related children 5 to 17 years only,TRUE,1,0
acs5,2021,FPARC,Family presence and age of related children,chr,housing,3,3,With related children under 5 years and 5 to 17 years,TRUE,1,0
acs5,2021,FPARC,Family presence and age of related children,chr,housing,4,4,No related children,TRUE,1,0
acs5,2021,GRNTP,"Gross rent (monthly amount, use ADJHSG to adjust GRNTP to constant dollars)",num,housing,bbbbb,bbbbb,N/A (GQ/vacant/owned or being bought/occupied without rent payment),FALSE,NA,NA
acs5,2021,GRNTP,"Gross rent (monthly amount, use ADJHSG to adjust GRNTP to constant dollars)",num,housing,1,99999,$1 - $99999 (Components are rounded),FALSE,NA,NA
acs5,2021,GRPIP,Gross rent as a percentage of household income past 12 months,num,housing,bbb,bbb,N/A (GQ/vacant/owned or being bought/occupied without rent payment/no household income),FALSE,NA,NA
acs5,2021,GRPIP,Gross rent as a percentage of household income past 12 months,num,housing,1,100,1 percent to 100 percent,FALSE,NA,NA
acs5,2021,GRPIP,Gross rent as a percentage of household income past 12 months,num,housing,101,101,101 percent or more,FALSE,NA,NA
acs5,2021,HHL,Household language,chr,housing,b,b,N/A (GQ/vacant),TRUE,1,0
acs5,2021,HHL,Household language,chr,housing,1,1,English only,TRUE,1,0
acs5,2021,HHL,Household language,chr,housing,2,2,Spanish,TRUE,1,0
acs5,2021,HHL,Household language,chr,housing,3,3,Other Indo-European languages,TRUE,1,0
acs5,2021,HHL,Household language,chr,housing,4,4,Asian and Pacific Island languages,TRUE,1,0
acs5,2021,HHL,Household language,chr,housing,5,5,Other language,TRUE,1,0
acs5,2021,HHLANP,Detailed household language,chr,housing,bbbb,bbbb,N/A (GQ/vacant),TRUE,4,0
acs5,2021,HHLANP,Detailed household language,chr,housing,1000,1000,Jamaican Creole English,TRUE,4,0
acs5,2021,HHLANP,Detailed household language,chr,housing,1025,1025,Other English-based Creole languages,TRUE,4,0
acs5,2021,HHLANP,Detailed household language,chr,housing,1055,1055,Haitian,TRUE,4,0
acs5,2021,HHLANP,Detailed household language,chr,housing,1069,1069,Kabuverdianu,TRUE,4,0
acs5,2021,HHLANP,Detailed household language,chr,housing,1110,1110,German,TRUE,4,0
acs5,2021,HHLANP,Detailed household language,chr,housing,1120,1120,Swiss German,TRUE,4,0
acs5,2021,HHLANP,Detailed household language,chr,housing,1125,1125,Pennsylvania German,TRUE,4,0
acs5,2021,HHLANP,Detailed household language,chr,housing,1130,1130,Yiddish,TRUE,4,0
acs5,2021,HHLANP,Detailed household language,chr,housing,1132,1132,Dutch,TRUE,4,0
acs5,2021,HHLANP,Detailed household language,chr,housing,1134,1134,Afrikaans,TRUE,4,0
acs5,2021,HHLANP,Detailed household language,chr,housing,1140,1140,Swedish,TRUE,4,0
acs5,2021,HHLANP,Detailed household language,chr,housing,1141,1141,Danish,TRUE,4,0
acs5,2021,HHLANP,Detailed household language,chr,housing,1142,1142,Norwegian,TRUE,4,0
acs5,2021,HHLANP,Detailed household language,chr,housing,1155,1155,Italian,TRUE,4,0
acs5,2021,HHLANP,Detailed household language,chr,housing,1170,1170,French,TRUE,4,0
acs5,2021,HHLANP,Detailed household language,chr,housing,1175,1175,Cajun French,TRUE,4,0
acs5,2021,HHLANP,Detailed household language,chr,housing,1200,1200,Spanish,TRUE,4,0
acs5,2021,HHLANP,Detailed household language,chr,housing,1210,1210,Portuguese,TRUE,4,0
acs5,2021,HHLANP,Detailed household language,chr,housing,1220,1220,Romanian,TRUE,4,0
acs5,2021,HHLANP,Detailed household language,chr,housing,1231,1231,Irish,TRUE,4,0
acs5,2021,HHLANP,Detailed household language,chr,housing,1235,1235,Greek,TRUE,4,0
acs5,2021,HHLANP,Detailed household language,chr,housing,1242,1242,Albanian,TRUE,4,0
acs5,2021,HHLANP,Detailed household language,chr,housing,1250,1250,Russian,TRUE,4,0
acs5,2021,HHLANP,Detailed household language,chr,housing,1260,1260,Ukrainian,TRUE,4,0
acs5,2021,HHLANP,Detailed household language,chr,housing,1262,1262,Czech,TRUE,4,0
acs5,2021,HHLANP,Detailed household language,chr,housing,1263,1263,Slovak,TRUE,4,0
acs5,2021,HHLANP,Detailed household language,chr,housing,1270,1270,Polish,TRUE,4,0
acs5,2021,HHLANP,Detailed household language,chr,housing,1273,1273,Bulgarian,TRUE,4,0
acs5,2021,HHLANP,Detailed household language,chr,housing,1274,1274,Macedonian,TRUE,4,0
acs5,2021,HHLANP,Detailed household language,chr,housing,1275,1275,Serbocroatian,TRUE,4,0
acs5,2021,HHLANP,Detailed household language,chr,housing,1276,1276,Bosnian,TRUE,4,0
acs5,2021,HHLANP,Detailed household language,chr,housing,1277,1277,Croatian,TRUE,4,0
acs5,2021,HHLANP,Detailed household language,chr,housing,1278,1278,Serbian,TRUE,4,0
acs5,2021,HHLANP,Detailed household language,chr,housing,1281,1281,Lithuanian,TRUE,4,0
acs5,2021,HHLANP,Detailed household language,chr,housing,1283,1283,Latvian,TRUE,4,0
acs5,2021,HHLANP,Detailed household language,chr,housing,1288,1288,Armenian,TRUE,4,0
acs5,2021,HHLANP,Detailed household language,chr,housing,1290,1290,Farsi,TRUE,4,0
acs5,2021,HHLANP,Detailed household language,chr,housing,1292,1292,Dari,TRUE,4,0
acs5,2021,HHLANP,Detailed household language,chr,housing,1315,1315,Kurdish,TRUE,4,0
acs5,2021,HHLANP,Detailed household language,chr,housing,1327,1327,Pashto,TRUE,4,0
acs5,2021,HHLANP,Detailed household language,chr,housing,1340,1340,India N.E.C.,TRUE,4,0
acs5,2021,HHLANP,Detailed household language,chr,housing,1350,1350,Hindi,TRUE,4,0
acs5,2021,HHLANP,Detailed household language,chr,housing,1360,1360,Urdu,TRUE,4,0
acs5,2021,HHLANP,Detailed household language,chr,housing,1380,1380,Bengali,TRUE,4,0
acs5,2021,HHLANP,Detailed household language,chr,housing,1420,1420,Punjabi,TRUE,4,0
acs5,2021,HHLANP,Detailed household language,chr,housing,1435,1435,Konkani,TRUE,4,0
acs5,2021,HHLANP,Detailed household language,chr,housing,1440,1440,Marathi,TRUE,4,0
acs5,2021,HHLANP,Detailed household language,chr,housing,1450,1450,Gujarati,TRUE,4,0
acs5,2021,HHLANP,Detailed household language,chr,housing,1500,1500,Nepali,TRUE,4,0
acs5,2021,HHLANP,Detailed household language,chr,housing,1525,1525,Pakistan N.E.C.,TRUE,4,0
acs5,2021,HHLANP,Detailed household language,chr,housing,1530,1530,Sinhala,TRUE,4,0
acs5,2021,HHLANP,Detailed household language,chr,housing,1540,1540,Other Indo-Iranian languages,TRUE,4,0
acs5,2021,HHLANP,Detailed household language,chr,housing,1564,1564,Other Indo-European languages,TRUE,4,0
acs5,2021,HHLANP,Detailed household language,chr,housing,1565,1565,Finnish,TRUE,4,0
acs5,2021,HHLANP,Detailed household language,chr,housing,1582,1582,Hungarian,TRUE,4,0
acs5,2021,HHLANP,Detailed household language,chr,housing,1675,1675,Turkish,TRUE,4,0
acs5,2021,HHLANP,Detailed household language,chr,housing,1690,1690,Mongolian,TRUE,4,0
acs5,2021,HHLANP,Detailed household language,chr,housing,1730,1730,Telugu,TRUE,4,0
acs5,2021,HHLANP,Detailed household language,chr,housing,1737,1737,Kannada,TRUE,4,0
acs5,2021,HHLANP,Detailed household language,chr,housing,1750,1750,Malayalam,TRUE,4,0
acs5,2021,HHLANP,Detailed household language,chr,housing,1765,1765,Tamil,TRUE,4,0
acs5,2021,HHLANP,Detailed household language,chr,housing,1900,1900,Khmer,TRUE,4,0
acs5,2021,HHLANP,Detailed household language,chr,housing,1960,1960,Vietnamese,TRUE,4,0
acs5,2021,HHLANP,Detailed household language,chr,housing,1970,1970,Chinese,TRUE,4,0
acs5,2021,HHLANP,Detailed household language,chr,housing,2000,2000,Mandarin,TRUE,4,0
acs5,2021,HHLANP,Detailed household language,chr,housing,2030,2030,Min Nan Chinese,TRUE,4,0
acs5,2021,HHLANP,Detailed household language,chr,housing,2050,2050,Cantonese,TRUE,4,0
acs5,2021,HHLANP,Detailed household language,chr,housing,2100,2100,Tibetan,TRUE,4,0
acs5,2021,HHLANP,Detailed household language,chr,housing,2160,2160,Burmese,TRUE,4,0
acs5,2021,HHLANP,Detailed household language,chr,housing,2270,2270,Chin languages,TRUE,4,0
acs5,2021,HHLANP,Detailed household language,chr,housing,2350,2350,Karen languages,TRUE,4,0
acs5,2021,HHLANP,Detailed household language,chr,housing,2430,2430,Thai,TRUE,4,0
acs5,2021,HHLANP,Detailed household language,chr,housing,2475,2475,Lao,TRUE,4,0
acs5,2021,HHLANP,Detailed household language,chr,housing,2525,2525,Iu Mien,TRUE,4,0
acs5,2021,HHLANP,Detailed household language,chr,housing,2535,2535,Hmong,TRUE,4,0
acs5,2021,HHLANP,Detailed household language,chr,housing,2560,2560,Japanese,TRUE,4,0
acs5,2021,HHLANP,Detailed household language,chr,housing,2575,2575,Korean,TRUE,4,0
acs5,2021,HHLANP,Detailed household language,chr,housing,2715,2715,Malay,TRUE,4,0
acs5,2021,HHLANP,Detailed household language,chr,housing,2770,2770,Indonesian,TRUE,4,0
acs5,2021,HHLANP,Detailed household language,chr,housing,2850,2850,Other languages of Asia,TRUE,4,0
acs5,2021,HHLANP,Detailed household language,chr,housing,2910,2910,Filipino,TRUE,4,0
acs5,2021,HHLANP,Detailed household language,chr,housing,2920,2920,Tagalog,TRUE,4,0
acs5,2021,HHLANP,Detailed household language,chr,housing,2950,2950,Cebuano,TRUE,4,0
acs5,2021,HHLANP,Detailed household language,chr,housing,3150,3150,Ilocano,TRUE,4,0
acs5,2021,HHLANP,Detailed household language,chr,housing,3190,3190,Other Philippine languages,TRUE,4,0
acs5,2021,HHLANP,Detailed household language,chr,housing,3220,3220,Chamorro,TRUE,4,0
acs5,2021,HHLANP,Detailed household language,chr,housing,3270,3270,Marshallese,TRUE,4,0
acs5,2021,HHLANP,Detailed household language,chr,housing,3350,3350,Chuukese,TRUE,4,0
acs5,2021,HHLANP,Detailed household language,chr,housing,3420,3420,Samoan,TRUE,4,0
acs5,2021,HHLANP,Detailed household language,chr,housing,3500,3500,Tongan,TRUE,4,0
acs5,2021,HHLANP,Detailed household language,chr,housing,3570,3570,Hawaiian,TRUE,4,0
acs5,2021,HHLANP,Detailed household language,chr,housing,3600,3600,Other Eastern Malayo-Polynesian languages,TRUE,4,0
acs5,2021,HHLANP,Detailed household language,chr,housing,4500,4500,Arabic,TRUE,4,0
acs5,2021,HHLANP,Detailed household language,chr,housing,4545,4545,Hebrew,TRUE,4,0
acs5,2021,HHLANP,Detailed household language,chr,housing,4560,4560,Assyrian Neo-Aramaic,TRUE,4,0
acs5,2021,HHLANP,Detailed household language,chr,housing,4565,4565,Chaldean Neo-Aramaic,TRUE,4,0
acs5,2021,HHLANP,Detailed household language,chr,housing,4590,4590,Amharic,TRUE,4,0
acs5,2021,HHLANP,Detailed household language,chr,housing,4640,4640,Tigrinya,TRUE,4,0
acs5,2021,HHLANP,Detailed household language,chr,housing,4830,4830,Oromo,TRUE,4,0
acs5,2021,HHLANP,Detailed household language,chr,housing,4840,4840,Somali,TRUE,4,0
acs5,2021,HHLANP,Detailed household language,chr,housing,4880,4880,Other Afro-Asiatic languages,TRUE,4,0
acs5,2021,HHLANP,Detailed household language,chr,housing,4900,4900,Nilo-Saharan languages,TRUE,4,0
acs5,2021,HHLANP,Detailed household language,chr,housing,5150,5150,Swahili,TRUE,4,0
acs5,2021,HHLANP,Detailed household language,chr,housing,5345,5345,Ganda,TRUE,4,0
acs5,2021,HHLANP,Detailed household language,chr,housing,5525,5525,Shona,TRUE,4,0
acs5,2021,HHLANP,Detailed household language,chr,housing,5645,5645,Other Bantu languages,TRUE,4,0
acs5,2021,HHLANP,Detailed household language,chr,housing,5845,5845,Manding languages,TRUE,4,0
acs5,2021,HHLANP,Detailed household language,chr,housing,5900,5900,Other Mande languages,TRUE,4,0
acs5,2021,HHLANP,Detailed household language,chr,housing,5940,5940,Fulah,TRUE,4,0
acs5,2021,HHLANP,Detailed household language,chr,housing,5950,5950,Wolof,TRUE,4,0
acs5,2021,HHLANP,Detailed household language,chr,housing,6120,6120,Akan (incl. Twi),TRUE,4,0
acs5,2021,HHLANP,Detailed household language,chr,housing,6205,6205,Ga,TRUE,4,0
acs5,2021,HHLANP,Detailed household language,chr,housing,6230,6230,Gbe languages,TRUE,4,0
acs5,2021,HHLANP,Detailed household language,chr,housing,6290,6290,Yoruba,TRUE,4,0
acs5,2021,HHLANP,Detailed household language,chr,housing,6300,6300,Edoid languages,TRUE,4,0
acs5,2021,HHLANP,Detailed household language,chr,housing,6370,6370,Igbo,TRUE,4,0
acs5,2021,HHLANP,Detailed household language,chr,housing,6500,6500,Other Niger-Congo languages,TRUE,4,0
acs5,2021,HHLANP,Detailed household language,chr,housing,6795,6795,Other languages of Africa,TRUE,4,0
acs5,2021,HHLANP,Detailed household language,chr,housing,6800,6800,Aleut languages,TRUE,4,0
acs5,2021,HHLANP,Detailed household language,chr,housing,6839,6839,Ojibwa,TRUE,4,0
acs5,2021,HHLANP,Detailed household language,chr,housing,6930,6930,Apache languages,TRUE,4,0
acs5,2021,HHLANP,Detailed household language,chr,housing,6933,6933,Navajo,TRUE,4,0
acs5,2021,HHLANP,Detailed household language,chr,housing,7019,7019,Dakota languages,TRUE,4,0
acs5,2021,HHLANP,Detailed household language,chr,housing,7032,7032,Muskogean languages,TRUE,4,0
acs5,2021,HHLANP,Detailed household language,chr,housing,7039,7039,Keres,TRUE,4,0
acs5,2021,HHLANP,Detailed household language,chr,housing,7050,7050,Cherokee,TRUE,4,0
acs5,2021,HHLANP,Detailed household language,chr,housing,7060,7060,Uto-Aztecan languages,TRUE,4,0
acs5,2021,HHLANP,Detailed household language,chr,housing,7124,7124,Other Native North American languages,TRUE,4,0
acs5,2021,HHLANP,Detailed household language,chr,housing,7300,7300,Other Central and South American languages,TRUE,4,0
acs5,2021,HHLANP,Detailed household language,chr,housing,9500,9500,English only household,TRUE,4,0
acs5,2021,HHLANP,Detailed household language,chr,housing,9999,9999,Other and unspecified languages,TRUE,4,0
acs5,2021,HHLDRAGEP,Age of the householder,num,housing,bb,bb,N/A (GQ/vacant),FALSE,NA,NA
acs5,2021,HHLDRAGEP,Age of the householder,num,housing,15,99,15 to 99 years (Top-coded),FALSE,NA,NA
acs5,2021,HHLDRHISP,Recoded detailed Hispanic origin of the householder,chr,housing,bb,bb,N/A (GQ/vacant),TRUE,2,0
acs5,2021,HHLDRHISP,Recoded detailed Hispanic origin of the householder,chr,housing,01,01,Not Spanish/Hispanic/Latino,TRUE,2,0
acs5,2021,HHLDRHISP,Recoded detailed Hispanic origin of the householder,chr,housing,02,02,Mexican,TRUE,2,0
acs5,2021,HHLDRHISP,Recoded detailed Hispanic origin of the householder,chr,housing,03,03,Puerto Rican,TRUE,2,0
acs5,2021,HHLDRHISP,Recoded detailed Hispanic origin of the householder,chr,housing,04,04,Cuban,TRUE,2,0
acs5,2021,HHLDRHISP,Recoded detailed Hispanic origin of the householder,chr,housing,05,05,Dominican,TRUE,2,0
acs5,2021,HHLDRHISP,Recoded detailed Hispanic origin of the householder,chr,housing,06,06,Costa Rican,TRUE,2,0
acs5,2021,HHLDRHISP,Recoded detailed Hispanic origin of the householder,chr,housing,07,07,Guatemalan,TRUE,2,0
acs5,2021,HHLDRHISP,Recoded detailed Hispanic origin of the householder,chr,housing,08,08,Honduran,TRUE,2,0
acs5,2021,HHLDRHISP,Recoded detailed Hispanic origin of the householder,chr,housing,09,09,Nicaraguan,TRUE,2,0
acs5,2021,HHLDRHISP,Recoded detailed Hispanic origin of the householder,chr,housing,10,10,Panamanian,TRUE,2,0
acs5,2021,HHLDRHISP,Recoded detailed Hispanic origin of the householder,chr,housing,11,11,Salvadoran,TRUE,2,0
acs5,2021,HHLDRHISP,Recoded detailed Hispanic origin of the householder,chr,housing,12,12,Other Central American,TRUE,2,0
acs5,2021,HHLDRHISP,Recoded detailed Hispanic origin of the householder,chr,housing,13,13,Argentinean,TRUE,2,0
acs5,2021,HHLDRHISP,Recoded detailed Hispanic origin of the householder,chr,housing,14,14,Bolivian,TRUE,2,0
acs5,2021,HHLDRHISP,Recoded detailed Hispanic origin of the householder,chr,housing,15,15,Chilean,TRUE,2,0
acs5,2021,HHLDRHISP,Recoded detailed Hispanic origin of the householder,chr,housing,16,16,Colombian,TRUE,2,0
acs5,2021,HHLDRHISP,Recoded detailed Hispanic origin of the householder,chr,housing,17,17,Ecuadorian,TRUE,2,0
acs5,2021,HHLDRHISP,Recoded detailed Hispanic origin of the householder,chr,housing,18,18,Paraguayan,TRUE,2,0
acs5,2021,HHLDRHISP,Recoded detailed Hispanic origin of the householder,chr,housing,19,19,Peruvian,TRUE,2,0
acs5,2021,HHLDRHISP,Recoded detailed Hispanic origin of the householder,chr,housing,20,20,Uruguayan,TRUE,2,0
acs5,2021,HHLDRHISP,Recoded detailed Hispanic origin of the householder,chr,housing,21,21,Venezuelan,TRUE,2,0
acs5,2021,HHLDRHISP,Recoded detailed Hispanic origin of the householder,chr,housing,22,22,Other South American,TRUE,2,0
acs5,2021,HHLDRHISP,Recoded detailed Hispanic origin of the householder,chr,housing,23,23,Spaniard,TRUE,2,0
acs5,2021,HHLDRHISP,Recoded detailed Hispanic origin of the householder,chr,housing,24,24,All Other Spanish/Hispanic/Latino,TRUE,2,0
acs5,2021,HHLDRRAC1P,Recoded detailed race code of the householder,chr,housing,b,b,N/A (GQ/vacant),TRUE,1,0
acs5,2021,HHLDRRAC1P,Recoded detailed race code of the householder,chr,housing,1,1,White alone,TRUE,1,0
acs5,2021,HHLDRRAC1P,Recoded detailed race code of the householder,chr,housing,2,2,Black or African American alone,TRUE,1,0
acs5,2021,HHLDRRAC1P,Recoded detailed race code of the householder,chr,housing,3,3,American Indian alone,TRUE,1,0
acs5,2021,HHLDRRAC1P,Recoded detailed race code of the householder,chr,housing,4,4,Alaska Native alone,TRUE,1,0
acs5,2021,HHLDRRAC1P,Recoded detailed race code of the householder,chr,housing,5,5,"American Indian and Alaska Native tribes specified; or American Indian or Alaska Native, not specified and no other races",TRUE,1,0
acs5,2021,HHLDRRAC1P,Recoded detailed race code of the householder,chr,housing,6,6,Asian alone,TRUE,1,0
acs5,2021,HHLDRRAC1P,Recoded detailed race code of the householder,chr,housing,7,7,Native Hawaiian and Other Pacific Islander alone,TRUE,1,0
acs5,2021,HHLDRRAC1P,Recoded detailed race code of the householder,chr,housing,8,8,Some Other Race alone,TRUE,1,0
acs5,2021,HHLDRRAC1P,Recoded detailed race code of the householder,chr,housing,9,9,Two or More Races,TRUE,1,0
acs5,2021,HHT,Household/family type,chr,housing,b,b,N/A (GQ/vacant),TRUE,1,0
acs5,2021,HHT,Household/family type,chr,housing,1,1,Married couple household,TRUE,1,0
acs5,2021,HHT,Household/family type,chr,housing,2,2,"Other family household: Male householder, no spouse present",TRUE,1,0
acs5,2021,HHT,Household/family type,chr,housing,3,3,"Other family household: Female householder, no spouse present",TRUE,1,0
acs5,2021,HHT,Household/family type,chr,housing,4,4,Nonfamily household: Male householder: Living alone,TRUE,1,0
acs5,2021,HHT,Household/family type,chr,housing,5,5,Nonfamily household: Male householder: Not living alone,TRUE,1,0
acs5,2021,HHT,Household/family type,chr,housing,6,6,Nonfamily household: Female householder: Living alone,TRUE,1,0
acs5,2021,HHT,Household/family type,chr,housing,7,7,Nonfamily household: Female householder: Not living alone,TRUE,1,0
acs5,2021,HHT2,Household/family type (includes cohabiting),chr,housing,bb,bb,N/A (GQ/vacant),TRUE,2,0
acs5,2021,HHT2,Household/family type (includes cohabiting),chr,housing,01,01,Married couple household with children of the householder less than 18,TRUE,2,0
acs5,2021,HHT2,Household/family type (includes cohabiting),chr,housing,02,02,"Married couple household, no children of the householder less than 18",TRUE,2,0
acs5,2021,HHT2,Household/family type (includes cohabiting),chr,housing,03,03,Cohabiting couple household with children of the householder less than 18,TRUE,2,0
acs5,2021,HHT2,Household/family type (includes cohabiting),chr,housing,04,04,"Cohabiting couple household, no children of the householder less than 18",TRUE,2,0
acs5,2021,HHT2,Household/family type (includes cohabiting),chr,housing,05,05,"Female householder, no spouse/partner present, living alone",TRUE,2,0
acs5,2021,HHT2,Household/family type (includes cohabiting),chr,housing,06,06,"Female householder, no spouse/partner present, with children of the householder less than 18",TRUE,2,0
acs5,2021,HHT2,Household/family type (includes cohabiting),chr,housing,07,07,"Female householder, no spouse/partner present, with relatives, no children of the householder less than 18",TRUE,2,0
acs5,2021,HHT2,Household/family type (includes cohabiting),chr,housing,08,08,"Female householder, no spouse/partner present, only nonrelatives present",TRUE,2,0
acs5,2021,HHT2,Household/family type (includes cohabiting),chr,housing,09,09,"Male householder, no spouse/partner present, living alone",TRUE,2,0
acs5,2021,HHT2,Household/family type (includes cohabiting),chr,housing,10,10,"Male householder, no spouse/partner present, with children of the householder less than 18",TRUE,2,0
acs5,2021,HHT2,Household/family type (includes cohabiting),chr,housing,11,11,"Male householder, no spouse/partner present, with relatives, no children of the householder less than 18",TRUE,2,0
acs5,2021,HHT2,Household/family type (includes cohabiting),chr,housing,12,12,"Male householder, no spouse/partner present, only nonrelatives present",TRUE,2,0
acs5,2021,HINCP,"Household income (past 12 months, use ADJINC to adjust HINCP to constant dollars)",num,housing,bbbbbbbb,bbbbbbbb,N/A (GQ/vacant),FALSE,NA,NA
acs5,2021,HINCP,"Household income (past 12 months, use ADJINC to adjust HINCP to constant dollars)",num,housing,0,0,No household income,FALSE,NA,NA
acs5,2021,HINCP,"Household income (past 12 months, use ADJINC to adjust HINCP to constant dollars)",num,housing,-59999,-59999,"Loss of $59,999 or more",FALSE,NA,NA
acs5,2021,HINCP,"Household income (past 12 months, use ADJINC to adjust HINCP to constant dollars)",num,housing,-59998,-1,"Loss of $1 to $59,998",FALSE,NA,NA
acs5,2021,HINCP,"Household income (past 12 months, use ADJINC to adjust HINCP to constant dollars)",num,housing,1,99999999,Total household income in dollars (Components are rounded),FALSE,NA,NA
acs5,2021,HUGCL,Household with grandparent living with grandchildren,chr,housing,b,b,N/A (GQ/vacant),TRUE,1,-1
acs5,2021,HUGCL,Household with grandparent living with grandchildren,chr,housing,0,0,Household without grandparent living with grandchildren,TRUE,1,-1
acs5,2021,HUGCL,Household with grandparent living with grandchildren,chr,housing,1,1,Household with grandparent living with grandchildren,TRUE,1,-1
acs5,2021,HUPAC,HH presence and age of children,chr,housing,b,b,N/A (GQ/vacant),TRUE,1,0
acs5,2021,HUPAC,HH presence and age of children,chr,housing,1,1,With children under 6 years only,TRUE,1,0
acs5,2021,HUPAC,HH presence and age of children,chr,housing,2,2,With children 6 to 17 years only,TRUE,1,0
acs5,2021,HUPAC,HH presence and age of children,chr,housing,3,3,With children under 6 years and 6 to 17 years,TRUE,1,0
acs5,2021,HUPAC,HH presence and age of children,chr,housing,4,4,No children,TRUE,1,0
acs5,2021,HUPAOC,HH presence and age of own children,chr,housing,b,b,N/A (GQ/vacant),TRUE,1,0
acs5,2021,HUPAOC,HH presence and age of own children,chr,housing,1,1,Presence of own children under 6 years only,TRUE,1,0
acs5,2021,HUPAOC,HH presence and age of own children,chr,housing,2,2,Presence of own children 6 to 17 years only,TRUE,1,0
acs5,2021,HUPAOC,HH presence and age of own children,chr,housing,3,3,Presence of own children under 6 years and 6 to 17 years,TRUE,1,0
acs5,2021,HUPAOC,HH presence and age of own children,chr,housing,4,4,No own children present,TRUE,1,0
acs5,2021,HUPARC,HH presence and age of related children,chr,housing,b,b,N/A (GQ/vacant),TRUE,1,0
acs5,2021,HUPARC,HH presence and age of related children,chr,housing,1,1,Presence of related children under 6 years only,TRUE,1,0
acs5,2021,HUPARC,HH presence and age of related children,chr,housing,2,2,Presence of related children 6 to 17 years only,TRUE,1,0
acs5,2021,HUPARC,HH presence and age of related children,chr,housing,3,3,Presence of related children under 6 years and 6 to 17 years,TRUE,1,0
acs5,2021,HUPARC,HH presence and age of related children,chr,housing,4,4,No related children present,TRUE,1,0
acs5,2021,KIT,Complete kitchen facilities,chr,housing,b,b,N/A (GQ),TRUE,1,0
acs5,2021,KIT,Complete kitchen facilities,chr,housing,1,1,"Yes, has stove or range, refrigerator, and sink with a faucet",TRUE,1,0
acs5,2021,KIT,Complete kitchen facilities,chr,housing,2,2,No,TRUE,1,0
acs5,2021,LNGI,Limited English speaking household,chr,housing,b,b,N/A (GQ/vacant),TRUE,1,0
acs5,2021,LNGI,Limited English speaking household,chr,housing,1,1,At least one person in the household 14 and over speaks English only or speaks English 'very well',TRUE,1,0
acs5,2021,LNGI,Limited English speaking household,chr,housing,2,2,No one in the household 14 and over speaks English only or speaks English 'very well',TRUE,1,0
acs5,2021,MULTG,Multigenerational household,chr,housing,b,b,N/A (GQ/Vacant/NP=0),TRUE,1,0
acs5,2021,MULTG,Multigenerational household,chr,housing,1,1,"No, not a multigenerational household",TRUE,1,0
acs5,2021,MULTG,Multigenerational household,chr,housing,2,2,"Yes, is a multigenerational household",TRUE,1,0
acs5,2021,MV,When moved into this house or apartment,chr,housing,b,b,N/A (GQ/vacant),TRUE,1,0
acs5,2021,MV,When moved into this house or apartment,chr,housing,1,1,12 months or less,TRUE,1,0
acs5,2021,MV,When moved into this house or apartment,chr,housing,2,2,13 to 23 months,TRUE,1,0
acs5,2021,MV,When moved into this house or apartment,chr,housing,3,3,2 to 4 years,TRUE,1,0
acs5,2021,MV,When moved into this house or apartment,chr,housing,4,4,5 to 9 years,TRUE,1,0
acs5,2021,MV,When moved into this house or apartment,chr,housing,5,5,10 to 19 years,TRUE,1,0
acs5,2021,MV,When moved into this house or apartment,chr,housing,6,6,20 to 29 years,TRUE,1,0
acs5,2021,MV,When moved into this house or apartment,chr,housing,7,7,30 years or more,TRUE,1,0
acs5,2021,NOC,Number of own children in household (unweighted),num,housing,bb,bb,N/A (GQ/vacant),FALSE,NA,NA
acs5,2021,NOC,Number of own children in household (unweighted),num,housing,0,0,No own children,FALSE,NA,NA
acs5,2021,NOC,Number of own children in household (unweighted),num,housing,1,19,Number of own children in household,FALSE,NA,NA
acs5,2021,NPF,Number of persons in family (unweighted),num,housing,bb,bb,N/A (GQ/vacant/non-family household),FALSE,NA,NA
acs5,2021,NPF,Number of persons in family (unweighted),num,housing,2,20,Number of persons in family,FALSE,NA,NA
acs5,2021,NPP,Grandparent headed household with no parent present,chr,housing,b,b,N/A (GQ/vacant),TRUE,1,-1
acs5,2021,NPP,Grandparent headed household with no parent present,chr,housing,0,0,Not a grandparent headed household with no parent present,TRUE,1,-1
acs5,2021,NPP,Grandparent headed household with no parent present,chr,housing,1,1,Grandparent headed household with no parent present,TRUE,1,-1
acs5,2021,NR,Presence of nonrelative in household,chr,housing,b,b,N/A (GQ/vacant),TRUE,1,-1
acs5,2021,NR,Presence of nonrelative in household,chr,housing,0,0,None,TRUE,1,-1
acs5,2021,NR,Presence of nonrelative in household,chr,housing,1,1,1 or more nonrelatives,TRUE,1,-1
acs5,2021,NRC,Number of related children in household (unweighted),num,housing,bb,bb,N/A (GQ/vacant),FALSE,NA,NA
acs5,2021,NRC,Number of related children in household (unweighted),num,housing,0,0,No related children,FALSE,NA,NA
acs5,2021,NRC,Number of related children in household (unweighted),num,housing,1,19,Number of related children in household,FALSE,NA,NA
acs5,2021,OCPIP,Selected monthly owner costs as a percentage of household income during the past 12 months,num,housing,bbb,bbb,N/A (GQ/vacant/not owned or being bought/no household income),FALSE,NA,NA
acs5,2021,OCPIP,Selected monthly owner costs as a percentage of household income during the past 12 months,num,housing,1,100,1 percent to 100 percent,FALSE,NA,NA
acs5,2021,OCPIP,Selected monthly owner costs as a percentage of household income during the past 12 months,num,housing,101,101,101 percent or more,FALSE,NA,NA
acs5,2021,PARTNER,Unmarried partner household,chr,housing,b,b,N/A (GQ/vacant),TRUE,1,-1
acs5,2021,PARTNER,Unmarried partner household,chr,housing,0,0,No unmarried partner in household,TRUE,1,-1
acs5,2021,PARTNER,Unmarried partner household,chr,housing,1,1,"Male householder, male partner",TRUE,1,-1
acs5,2021,PARTNER,Unmarried partner household,chr,housing,2,2,"Male householder, female partner",TRUE,1,-1
acs5,2021,PARTNER,Unmarried partner household,chr,housing,3,3,"Female householder, female partner",TRUE,1,-1
acs5,2021,PARTNER,Unmarried partner household,chr,housing,4,4,"Female householder, male partner",TRUE,1,-1
acs5,2021,PLM,Complete plumbing facilities,chr,housing,b,b,N/A (GQ),TRUE,1,0
acs5,2021,PLM,Complete plumbing facilities,chr,housing,1,1,"Yes, has hot and cold running water and a bathtub or shower (includes flush toilet for data collected prior to 2016)",TRUE,1,0
acs5,2021,PLM,Complete plumbing facilities,chr,housing,2,2,No,TRUE,1,0
acs5,2021,PLM,Complete plumbing facilities,chr,housing,9,9,"Case is from Puerto Rico, PLM recode not applicable",TRUE,1,0
acs5,2021,PLMPRP,Complete plumbing facilities for Puerto Rico,chr,housing,b,b,N/A (GQ),TRUE,1,0
acs5,2021,PLMPRP,Complete plumbing facilities for Puerto Rico,chr,housing,1,1,"Yes, has running water and a bathtub or shower (includes flush toilet for data collected prior to 2016)",TRUE,1,0
acs5,2021,PLMPRP,Complete plumbing facilities for Puerto Rico,chr,housing,2,2,No,TRUE,1,0
acs5,2021,PLMPRP,Complete plumbing facilities for Puerto Rico,chr,housing,9,9,"Case is from the United States, PLMPRP not applicable",TRUE,1,0
acs5,2021,PSF,Presence of subfamilies in household,chr,housing,b,b,N/A (GQ/vacant),TRUE,1,-1
acs5,2021,PSF,Presence of subfamilies in household,chr,housing,0,0,No subfamilies,TRUE,1,-1
acs5,2021,PSF,Presence of subfamilies in household,chr,housing,1,1,1 or more subfamilies,TRUE,1,-1
acs5,2021,R18,Presence of persons under 18 years in household (unweighted),chr,housing,b,b,N/A (GQ/vacant),TRUE,1,-1
acs5,2021,R18,Presence of persons under 18 years in household (unweighted),chr,housing,0,0,No person under 18 in household,TRUE,1,-1
acs5,2021,R18,Presence of persons under 18 years in household (unweighted),chr,housing,1,1,1 or more persons under 18 in household,TRUE,1,-1
acs5,2021,R60,Presence of persons 60 years and over in household (unweighted),chr,housing,b,b,N/A (GQ/vacant),TRUE,1,-1
acs5,2021,R60,Presence of persons 60 years and over in household (unweighted),chr,housing,0,0,No person 60 and over,TRUE,1,-1
acs5,2021,R60,Presence of persons 60 years and over in household (unweighted),chr,housing,1,1,1 person 60 and over,TRUE,1,-1
acs5,2021,R60,Presence of persons 60 years and over in household (unweighted),chr,housing,2,2,2 or more persons 60 and over,TRUE,1,-1
acs5,2021,R65,Presence of persons 65 years and over in household (unweighted),chr,housing,b,b,N/A (GQ/vacant),TRUE,1,-1
acs5,2021,R65,Presence of persons 65 years and over in household (unweighted),chr,housing,0,0,No person 65 and over,TRUE,1,-1
acs5,2021,R65,Presence of persons 65 years and over in household (unweighted),chr,housing,1,1,1 person 65 and over,TRUE,1,-1
acs5,2021,R65,Presence of persons 65 years and over in household (unweighted),chr,housing,2,2,2 or more persons 65 and over,TRUE,1,-1
acs5,2021,RESMODE,Response mode,chr,housing,b,b,N/A (GQ),TRUE,1,0
acs5,2021,RESMODE,Response mode,chr,housing,1,1,Mail,TRUE,1,0
acs5,2021,RESMODE,Response mode,chr,housing,2,2,CATI/CAPI,TRUE,1,0
acs5,2021,RESMODE,Response mode,chr,housing,3,3,Internet,TRUE,1,0
acs5,2021,SMOCP,Selected monthly owner costs (use ADJHSG to adjust SMOCP to constant dollars),num,housing,bbbbb,bbbbb,N/A (GQ/vacant/not owned or being bought),FALSE,NA,NA
acs5,2021,SMOCP,Selected monthly owner costs (use ADJHSG to adjust SMOCP to constant dollars),num,housing,0,0,None,FALSE,NA,NA
acs5,2021,SMOCP,Selected monthly owner costs (use ADJHSG to adjust SMOCP to constant dollars),num,housing,1,99999,$1 - $99999 (Components are rounded),FALSE,NA,NA
acs5,2021,SMX,Second or junior mortgage or home equity loan status,chr,housing,b,b,N/A (GQ/vacant/not owned or being bought),TRUE,1,0
acs5,2021,SMX,Second or junior mortgage or home equity loan status,chr,housing,1,1,"Yes, a second mortgage",TRUE,1,0
acs5,2021,SMX,Second or junior mortgage or home equity loan status,chr,housing,2,2,"Yes, a home equity loan",TRUE,1,0
acs5,2021,SMX,Second or junior mortgage or home equity loan status,chr,housing,3,3,No,TRUE,1,0
acs5,2021,SMX,Second or junior mortgage or home equity loan status,chr,housing,4,4,Both a second mortgage and a home equity loan,TRUE,1,0
acs5,2021,SRNT,Specified rental unit,chr,housing,b,b,"N/A (GQ/vacant units, except 'for rent' and 'rented, not occupied'/owned or being bought)",TRUE,1,-1
acs5,2021,SRNT,Specified rental unit,chr,housing,0,0,A single-family home on 10 or more acres,TRUE,1,-1
acs5,2021,SRNT,Specified rental unit,chr,housing,1,1,"A single-family home on less than 10 acres or any other type of building, including mobile homes, with no regard to acreage",TRUE,1,-1
acs5,2021,SVAL,Specified owner unit,chr,housing,b,b,"N/A (GQ/vacant units, except 'for sale only' and 'sold, not occupied'/not owned or being bought)",TRUE,1,-1
acs5,2021,SVAL,Specified owner unit,chr,housing,0,0,"A single family home on 10 or more acres or any other type of building, including mobile homes, with no regard to acreage",TRUE,1,-1
acs5,2021,SVAL,Specified owner unit,chr,housing,1,1,"A single family home on less than 10 acres (prior to 2016, specified owner also required no business on property)",TRUE,1,-1
acs5,2021,TAXAMT,"Property taxes (yearly real estate taxes, use ADJHSG to adjust TAXAMT to constant dollars)",num,housing,bbbbb,bbbbb,N/A (GQ/vacant/not owned or being bought),FALSE,NA,NA
acs5,2021,TAXAMT,"Property taxes (yearly real estate taxes, use ADJHSG to adjust TAXAMT to constant dollars)",num,housing,0,57500,$0 to $57500 (rounded and top-coded),FALSE,NA,NA
acs5,2021,WIF,Workers in family during the past 12 months,chr,housing,b,b,N/A (GQ/vacant/non-family household),TRUE,1,-1
acs5,2021,WIF,Workers in family during the past 12 months,chr,housing,0,0,No workers,TRUE,1,-1
acs5,2021,WIF,Workers in family during the past 12 months,chr,housing,1,1,1 worker,TRUE,1,-1
acs5,2021,WIF,Workers in family during the past 12 months,chr,housing,2,2,2 workers,TRUE,1,-1
acs5,2021,WIF,Workers in family during the past 12 months,chr,housing,3,3,3 or more workers in family,TRUE,1,-1
acs5,2021,WKEXREL,Work experience of householder and spouse,chr,housing,bb,bb,N/A (GQ/vacant/not a family),TRUE,2,0
acs5,2021,WKEXREL,Work experience of householder and spouse,chr,housing,01,01,Householder and spouse worked FT,TRUE,2,0
acs5,2021,WKEXREL,Work experience of householder and spouse,chr,housing,02,02,Householder worked FT; spouse worked less than FT,TRUE,2,0
acs5,2021,WKEXREL,Work experience of householder and spouse,chr,housing,03,03,Householder worked FT; spouse did not work,TRUE,2,0
acs5,2021,WKEXREL,Work experience of householder and spouse,chr,housing,04,04,Householder worked less than FT; spouse worked FT,TRUE,2,0
acs5,2021,WKEXREL,Work experience of householder and spouse,chr,housing,05,05,Householder worked less than FT; spouse worked less than FT,TRUE,2,0
acs5,2021,WKEXREL,Work experience of householder and spouse,chr,housing,06,06,Householder worked less than FT; spouse did not work,TRUE,2,0
acs5,2021,WKEXREL,Work experience of householder and spouse,chr,housing,07,07,Householder did not work; spouse worked FT,TRUE,2,0
acs5,2021,WKEXREL,Work experience of householder and spouse,chr,housing,08,08,Householder did not work; spouse worked less than FT,TRUE,2,0
acs5,2021,WKEXREL,Work experience of householder and spouse,chr,housing,09,09,Householder did not work; spouse did not work,TRUE,2,0
acs5,2021,WKEXREL,Work experience of householder and spouse,chr,housing,10,10,Male householder worked FT; no spouse present,TRUE,2,0
acs5,2021,WKEXREL,Work experience of householder and spouse,chr,housing,11,11,Male householder worked less than FT; no spouse present,TRUE,2,0
acs5,2021,WKEXREL,Work experience of householder and spouse,chr,housing,12,12,Male householder did not work; no spouse present,TRUE,2,0
acs5,2021,WKEXREL,Work experience of householder and spouse,chr,housing,13,13,Female householder worked FT; no spouse present,TRUE,2,0
acs5,2021,WKEXREL,Work experience of householder and spouse,chr,housing,14,14,Female householder worked less than FT; no spouse present,TRUE,2,0
acs5,2021,WKEXREL,Work experience of householder and spouse,chr,housing,15,15,Female householder did not work; no spouse present,TRUE,2,0
acs5,2021,WORKSTAT,Work status of householder or spouse in family households,chr,housing,bb,bb,N/A (GQ/not a family household/same-sex married-couple families),TRUE,2,0
acs5,2021,WORKSTAT,Work status of householder or spouse in family households,chr,housing,01,01,"Husband and wife both in labor force, both employed or in Armed Forces",TRUE,2,0
acs5,2021,WORKSTAT,Work status of householder or spouse in family households,chr,housing,02,02,"Husband and wife both in labor force, husband employed or in Armed Forces, wife unemployed",TRUE,2,0
acs5,2021,WORKSTAT,Work status of householder or spouse in family households,chr,housing,03,03,"Husband in labor force and wife not in labor force, husband employed or in Armed Forces",TRUE,2,0
acs5,2021,WORKSTAT,Work status of householder or spouse in family households,chr,housing,04,04,"Husband and wife both in labor force, husband unemployed, wife employed or in Armed Forces",TRUE,2,0
acs5,2021,WORKSTAT,Work status of householder or spouse in family households,chr,housing,05,05,"Husband and wife both in labor force, husband unemployed, wife unemployed",TRUE,2,0
acs5,2021,WORKSTAT,Work status of householder or spouse in family households,chr,housing,06,06,"Husband in labor force, husband unemployed, wife not in labor force",TRUE,2,0
acs5,2021,WORKSTAT,Work status of householder or spouse in family households,chr,housing,07,07,"Husband not in labor force, wife in labor force, wife employed or in Armed Forces",TRUE,2,0
acs5,2021,WORKSTAT,Work status of householder or spouse in family households,chr,housing,08,08,"Husband not in labor force, wife in labor force, wife unemployed",TRUE,2,0
acs5,2021,WORKSTAT,Work status of householder or spouse in family households,chr,housing,09,09,Neither husband nor wife in labor force,TRUE,2,0
acs5,2021,WORKSTAT,Work status of householder or spouse in family households,chr,housing,10,10,"Male householder with no wife present, householder in labor force, employed or in Armed Forces",TRUE,2,0
acs5,2021,WORKSTAT,Work status of householder or spouse in family households,chr,housing,11,11,"Male householder with no wife present, householder in labor force and unemployed",TRUE,2,0
acs5,2021,WORKSTAT,Work status of householder or spouse in family households,chr,housing,12,12,"Male householder with no wife present, householder not in labor force",TRUE,2,0
acs5,2021,WORKSTAT,Work status of householder or spouse in family households,chr,housing,13,13,"Female householder with no husband present, householder in labor force, employed or in Armed Forces",TRUE,2,0
acs5,2021,WORKSTAT,Work status of householder or spouse in family households,chr,housing,14,14,"Female householder with no husband present, householder in labor force and unemployed",TRUE,2,0
acs5,2021,WORKSTAT,Work status of householder or spouse in family households,chr,housing,15,15,"Female householder with no husband present, householder not in labor force",TRUE,2,0
acs5,2021,FACCESSP,Access to the Internet allocation flag,chr,housing,b,b,N/A (GQ),TRUE,1,-1
acs5,2021,FACCESSP,Access to the Internet allocation flag,chr,housing,0,0,No,TRUE,1,-1
acs5,2021,FACCESSP,Access to the Internet allocation flag,chr,housing,1,1,Yes,TRUE,1,-1
acs5,2021,FACRP,Lot size allocation flag,chr,housing,b,b,N/A (GQ),TRUE,1,-1
acs5,2021,FACRP,Lot size allocation flag,chr,housing,0,0,No,TRUE,1,-1
acs5,2021,FACRP,Lot size allocation flag,chr,housing,1,1,Yes,TRUE,1,-1
acs5,2021,FAGSP,Sales of Agricultural Products allocation flag,chr,housing,b,b,N/A (GQ),TRUE,1,-1
acs5,2021,FAGSP,Sales of Agricultural Products allocation flag,chr,housing,0,0,No,TRUE,1,-1
acs5,2021,FAGSP,Sales of Agricultural Products allocation flag,chr,housing,1,1,Yes,TRUE,1,-1
acs5,2021,FBATHP,Bathtub or shower allocation flag,chr,housing,b,b,N/A (GQ),TRUE,1,-1
acs5,2021,FBATHP,Bathtub or shower allocation flag,chr,housing,0,0,No,TRUE,1,-1
acs5,2021,FBATHP,Bathtub or shower allocation flag,chr,housing,1,1,Yes,TRUE,1,-1
acs5,2021,FBDSP,Number of bedrooms allocation flag,chr,housing,b,b,N/A (GQ),TRUE,1,-1
acs5,2021,FBDSP,Number of bedrooms allocation flag,chr,housing,0,0,No,TRUE,1,-1
acs5,2021,FBDSP,Number of bedrooms allocation flag,chr,housing,1,1,Yes,TRUE,1,-1
acs5,2021,FBLDP,Units in structure allocation flag,chr,housing,b,b,N/A (GQ),TRUE,1,-1
acs5,2021,FBLDP,Units in structure allocation flag,chr,housing,0,0,No,TRUE,1,-1
acs5,2021,FBLDP,Units in structure allocation flag,chr,housing,1,1,Yes,TRUE,1,-1
acs5,2021,FBROADBNDP,Cellular data plan for a smartphone or other mobile device allocation flag,chr,housing,b,b,N/A (GQ),TRUE,1,-1
acs5,2021,FBROADBNDP,Cellular data plan for a smartphone or other mobile device allocation flag,chr,housing,0,0,No,TRUE,1,-1
acs5,2021,FBROADBNDP,Cellular data plan for a smartphone or other mobile device allocation flag,chr,housing,1,1,Yes,TRUE,1,-1
acs5,2021,FCOMPOTHXP,Other computer equipment allocation flag,chr,housing,b,b,N/A (GQ),TRUE,1,-1
acs5,2021,FCOMPOTHXP,Other computer equipment allocation flag,chr,housing,0,0,No,TRUE,1,-1
acs5,2021,FCOMPOTHXP,Other computer equipment allocation flag,chr,housing,1,1,Yes,TRUE,1,-1
acs5,2021,FCONP,Condominium fee (monthly amount) allocation flag,chr,housing,b,b,N/A (GQ),TRUE,1,-1
acs5,2021,FCONP,Condominium fee (monthly amount) allocation flag,chr,housing,0,0,No,TRUE,1,-1
acs5,2021,FCONP,Condominium fee (monthly amount) allocation flag,chr,housing,1,1,Yes,TRUE,1,-1
acs5,2021,FDIALUPP,Dial-up service allocation flag,chr,housing,b,b,N/A (GQ),TRUE,1,-1
acs5,2021,FDIALUPP,Dial-up service allocation flag,chr,housing,0,0,No,TRUE,1,-1
acs5,2021,FDIALUPP,Dial-up service allocation flag,chr,housing,1,1,Yes,TRUE,1,-1
acs5,2021,FELEP,Electricity cost (monthly cost) allocation flag,chr,housing,b,b,N/A (GQ),TRUE,1,-1
acs5,2021,FELEP,Electricity cost (monthly cost) allocation flag,chr,housing,0,0,No,TRUE,1,-1
acs5,2021,FELEP,Electricity cost (monthly cost) allocation flag,chr,housing,1,1,Yes,TRUE,1,-1
acs5,2021,FFINCP,Family income (past 12 months) allocation flag,chr,housing,b,b,N/A (GQ),TRUE,1,-1
acs5,2021,FFINCP,Family income (past 12 months) allocation flag,chr,housing,0,0,No,TRUE,1,-1
acs5,2021,FFINCP,Family income (past 12 months) allocation flag,chr,housing,1,1,Yes,TRUE,1,-1
acs5,2021,FFSP,Yearly food stamp/Supplemental Nutrition Assistance Program (SNAP) recipiency allocation flag,chr,housing,0,0,No,TRUE,1,NA
acs5,2021,FFSP,Yearly food stamp/Supplemental Nutrition Assistance Program (SNAP) recipiency allocation flag,chr,housing,1,1,Yes,TRUE,1,NA
acs5,2021,FFULP,Fuel cost (yearly cost for fuels other than gas and electricity) allocation flag,chr,housing,b,b,N/A (GQ),TRUE,1,-1
acs5,2021,FFULP,Fuel cost (yearly cost for fuels other than gas and electricity) allocation flag,chr,housing,0,0,No,TRUE,1,-1
acs5,2021,FFULP,Fuel cost (yearly cost for fuels other than gas and electricity) allocation flag,chr,housing,1,1,Yes,TRUE,1,-1
acs5,2021,FGASP,Gas cost (monthly cost) allocation flag,chr,housing,b,b,N/A (GQ),TRUE,1,-1
acs5,2021,FGASP,Gas cost (monthly cost) allocation flag,chr,housing,0,0,No,TRUE,1,-1
acs5,2021,FGASP,Gas cost (monthly cost) allocation flag,chr,housing,1,1,Yes,TRUE,1,-1
acs5,2021,FGRNTP,Gross rent (monthly amount) allocation flag,chr,housing,b,b,N/A (GQ),TRUE,1,-1
acs5,2021,FGRNTP,Gross rent (monthly amount) allocation flag,chr,housing,0,0,No,TRUE,1,-1
acs5,2021,FGRNTP,Gross rent (monthly amount) allocation flag,chr,housing,1,1,Yes,TRUE,1,-1
acs5,2021,FHFLP,House heating fuel allocation flag,chr,housing,b,b,N/A (GQ),TRUE,1,-1
acs5,2021,FHFLP,House heating fuel allocation flag,chr,housing,0,0,No,TRUE,1,-1
acs5,2021,FHFLP,House heating fuel allocation flag,chr,housing,1,1,Yes,TRUE,1,-1
acs5,2021,FHINCP,Household income (past 12 months) allocation flag,chr,housing,b,b,N/A (GQ),TRUE,1,-1
acs5,2021,FHINCP,Household income (past 12 months) allocation flag,chr,housing,0,0,No,TRUE,1,-1
acs5,2021,FHINCP,Household income (past 12 months) allocation flag,chr,housing,1,1,Yes,TRUE,1,-1
acs5,2021,FHISPEEDP,"Broadband (high speed) Internet service such as cable, fiber optic, or DSL service allocation flag",chr,housing,b,b,N/A (GQ),TRUE,1,-1
acs5,2021,FHISPEEDP,"Broadband (high speed) Internet service such as cable, fiber optic, or DSL service allocation flag",chr,housing,0,0,No,TRUE,1,-1
acs5,2021,FHISPEEDP,"Broadband (high speed) Internet service such as cable, fiber optic, or DSL service allocation flag",chr,housing,1,1,Yes,TRUE,1,-1
acs5,2021,FHOTWATP,Water heater allocation flag (Puerto Rico only),chr,housing,b,b,N/A (GQ),TRUE,1,-1
acs5,2021,FHOTWATP,Water heater allocation flag (Puerto Rico only),chr,housing,0,0,No,TRUE,1,-1
acs5,2021,FHOTWATP,Water heater allocation flag (Puerto Rico only),chr,housing,1,1,Yes,TRUE,1,-1
acs5,2021,FINSP,"Fire, hazard, flood insurance (yearly amount) allocation flag",chr,housing,b,b,N/A (GQ),TRUE,1,-1
acs5,2021,FINSP,"Fire, hazard, flood insurance (yearly amount) allocation flag",chr,housing,0,0,No,TRUE,1,-1
acs5,2021,FINSP,"Fire, hazard, flood insurance (yearly amount) allocation flag",chr,housing,1,1,Yes,TRUE,1,-1
acs5,2021,FKITP,Complete kitchen facilities allocation flag,chr,housing,b,b,N/A (GQ),TRUE,1,-1
acs5,2021,FKITP,Complete kitchen facilities allocation flag,chr,housing,0,0,No,TRUE,1,-1
acs5,2021,FKITP,Complete kitchen facilities allocation flag,chr,housing,1,1,Yes,TRUE,1,-1
acs5,2021,FLAPTOPP,Laptop or desktop allocation flag,chr,housing,b,b,N/A (GQ),TRUE,1,-1
acs5,2021,FLAPTOPP,Laptop or desktop allocation flag,chr,housing,0,0,No,TRUE,1,-1
acs5,2021,FLAPTOPP,Laptop or desktop allocation flag,chr,housing,1,1,Yes,TRUE,1,-1
acs5,2021,FMHP,Mobile home costs (yearly amount) allocation flag,chr,housing,b,b,N/A (GQ),TRUE,1,-1
acs5,2021,FMHP,Mobile home costs (yearly amount) allocation flag,chr,housing,0,0,No,TRUE,1,-1
acs5,2021,FMHP,Mobile home costs (yearly amount) allocation flag,chr,housing,1,1,Yes,TRUE,1,-1
acs5,2021,FMRGIP,"First mortgage payment includes fire, hazard, flood insurance allocation flag",chr,housing,b,b,N/A (GQ),TRUE,1,-1
acs5,2021,FMRGIP,"First mortgage payment includes fire, hazard, flood insurance allocation flag",chr,housing,0,0,No,TRUE,1,-1
acs5,2021,FMRGIP,"First mortgage payment includes fire, hazard, flood insurance allocation flag",chr,housing,1,1,Yes,TRUE,1,-1
acs5,2021,FMRGP,First mortgage payment (monthly amount) allocation flag,chr,housing,b,b,N/A (GQ),TRUE,1,-1
acs5,2021,FMRGP,First mortgage payment (monthly amount) allocation flag,chr,housing,0,0,No,TRUE,1,-1
acs5,2021,FMRGP,First mortgage payment (monthly amount) allocation flag,chr,housing,1,1,Yes,TRUE,1,-1
acs5,2021,FMRGTP,First mortgage payment includes real estate taxes allocation flag,chr,housing,b,b,N/A (GQ),TRUE,1,-1
acs5,2021,FMRGTP,First mortgage payment includes real estate taxes allocation flag,chr,housing,0,0,No,TRUE,1,-1
acs5,2021,FMRGTP,First mortgage payment includes real estate taxes allocation flag,chr,housing,1,1,Yes,TRUE,1,-1
acs5,2021,FMRGXP,First mortgage status allocation flag,chr,housing,b,b,N/A (GQ),TRUE,1,-1
acs5,2021,FMRGXP,First mortgage status allocation flag,chr,housing,0,0,No,TRUE,1,-1
acs5,2021,FMRGXP,First mortgage status allocation flag,chr,housing,1,1,Yes,TRUE,1,-1
acs5,2021,FMVP,When moved into this house or apartment allocation flag,chr,housing,b,b,N/A (GQ),TRUE,1,-1
acs5,2021,FMVP,When moved into this house or apartment allocation flag,chr,housing,0,0,No,TRUE,1,-1
acs5,2021,FMVP,When moved into this house or apartment allocation flag,chr,housing,1,1,Yes,TRUE,1,-1
acs5,2021,FOTHSVCEXP,Other Internet service allocation flag,chr,housing,b,b,N/A (GQ),TRUE,1,-1
acs5,2021,FOTHSVCEXP,Other Internet service allocation flag,chr,housing,0,0,No,TRUE,1,-1
acs5,2021,FOTHSVCEXP,Other Internet service allocation flag,chr,housing,1,1,Yes,TRUE,1,-1
acs5,2021,FPLMP,Complete plumbing facilities allocation flag,chr,housing,b,b,N/A (GQ),TRUE,1,-1
acs5,2021,FPLMP,Complete plumbing facilities allocation flag,chr,housing,0,0,No,TRUE,1,-1
acs5,2021,FPLMP,Complete plumbing facilities allocation flag,chr,housing,1,1,Yes,TRUE,1,-1
acs5,2021,FPLMPRP,Complete plumbing facilities allocation flag for Puerto Rico,chr,housing,b,b,N/A (GQ),TRUE,1,-1
acs5,2021,FPLMPRP,Complete plumbing facilities allocation flag for Puerto Rico,chr,housing,0,0,No,TRUE,1,-1
acs5,2021,FPLMPRP,Complete plumbing facilities allocation flag for Puerto Rico,chr,housing,1,1,Yes,TRUE,1,-1
acs5,2021,FREFRP,Refrigerator allocation flag,chr,housing,b,b,N/A (GQ),TRUE,1,-1
acs5,2021,FREFRP,Refrigerator allocation flag,chr,housing,0,0,No,TRUE,1,-1
acs5,2021,FREFRP,Refrigerator allocation flag,chr,housing,1,1,Yes,TRUE,1,-1
acs5,2021,FRMSP,Number of rooms allocation flag,chr,housing,b,b,N/A (GQ),TRUE,1,-1
acs5,2021,FRMSP,Number of rooms allocation flag,chr,housing,0,0,No,TRUE,1,-1
acs5,2021,FRMSP,Number of rooms allocation flag,chr,housing,1,1,Yes,TRUE,1,-1
acs5,2021,FRNTMP,Meals included in rent allocation flag,chr,housing,b,b,N/A (GQ),TRUE,1,-1
acs5,2021,FRNTMP,Meals included in rent allocation flag,chr,housing,0,0,No,TRUE,1,-1
acs5,2021,FRNTMP,Meals included in rent allocation flag,chr,housing,1,1,Yes,TRUE,1,-1
acs5,2021,FRNTP,Monthly rent allocation flag,chr,housing,b,b,N/A (GQ),TRUE,1,-1
acs5,2021,FRNTP,Monthly rent allocation flag,chr,housing,0,0,No,TRUE,1,-1
acs5,2021,FRNTP,Monthly rent allocation flag,chr,housing,1,1,Yes,TRUE,1,-1
acs5,2021,FRWATP,Hot and cold running water allocation flag,chr,housing,b,b,N/A (GQ),TRUE,1,-1
acs5,2021,FRWATP,Hot and cold running water allocation flag,chr,housing,0,0,No,TRUE,1,-1
acs5,2021,FRWATP,Hot and cold running water allocation flag,chr,housing,1,1,Yes,TRUE,1,-1
acs5,2021,FRWATPRP,Running water allocation flag,chr,housing,b,b,N/A (GQ),TRUE,1,-1
acs5,2021,FRWATPRP,Running water allocation flag,chr,housing,0,0,No,TRUE,1,-1
acs5,2021,FRWATPRP,Running water allocation flag,chr,housing,1,1,Yes,TRUE,1,-1
acs5,2021,FSATELLITEP,Satellite Internet service allocation flag,chr,housing,b,b,N/A (GQ),TRUE,1,-1
acs5,2021,FSATELLITEP,Satellite Internet service allocation flag,chr,housing,0,0,No,TRUE,1,-1
acs5,2021,FSATELLITEP,Satellite Internet service allocation flag,chr,housing,1,1,Yes,TRUE,1,-1
acs5,2021,FSINKP,Sink with a faucet allocation flag,chr,housing,b,b,N/A (GQ),TRUE,1,-1
acs5,2021,FSINKP,Sink with a faucet allocation flag,chr,housing,0,0,No,TRUE,1,-1
acs5,2021,FSINKP,Sink with a faucet allocation flag,chr,housing,1,1,Yes,TRUE,1,-1
acs5,2021,FSMARTPHONP,Smartphone allocation flag,chr,housing,b,b,N/A (GQ),TRUE,1,-1
acs5,2021,FSMARTPHONP,Smartphone allocation flag,chr,housing,0,0,No,TRUE,1,-1
acs5,2021,FSMARTPHONP,Smartphone allocation flag,chr,housing,1,1,Yes,TRUE,1,-1
acs5,2021,FSMOCP,Selected monthly owner cost allocation flag,chr,housing,b,b,N/A (GQ),TRUE,1,-1
acs5,2021,FSMOCP,Selected monthly owner cost allocation flag,chr,housing,0,0,No,TRUE,1,-1
acs5,2021,FSMOCP,Selected monthly owner cost allocation flag,chr,housing,1,1,Yes,TRUE,1,-1
acs5,2021,FSMP,Total payment on second and junior mortgages and home equity loans (monthly amount) allocation flag,chr,housing,b,b,N/A (GQ),TRUE,1,-1
acs5,2021,FSMP,Total payment on second and junior mortgages and home equity loans (monthly amount) allocation flag,chr,housing,0,0,No,TRUE,1,-1
acs5,2021,FSMP,Total payment on second and junior mortgages and home equity loans (monthly amount) allocation flag,chr,housing,1,1,Yes,TRUE,1,-1
acs5,2021,FSMXHP,Home equity loan status allocation flag,chr,housing,b,b,N/A (GQ),TRUE,1,-1
acs5,2021,FSMXHP,Home equity loan status allocation flag,chr,housing,0,0,No,TRUE,1,-1
acs5,2021,FSMXHP,Home equity loan status allocation flag,chr,housing,1,1,Yes,TRUE,1,-1
acs5,2021,FSMXSP,Second mortgage status allocation flag,chr,housing,b,b,N/A (GQ),TRUE,1,-1
acs5,2021,FSMXSP,Second mortgage status allocation flag,chr,housing,0,0,No,TRUE,1,-1
acs5,2021,FSMXSP,Second mortgage status allocation flag,chr,housing,1,1,Yes,TRUE,1,-1
acs5,2021,FSTOVP,Stove or range allocation flag,chr,housing,b,b,N/A (GQ),TRUE,1,-1
acs5,2021,FSTOVP,Stove or range allocation flag,chr,housing,0,0,No,TRUE,1,-1
acs5,2021,FSTOVP,Stove or range allocation flag,chr,housing,1,1,Yes,TRUE,1,-1
acs5,2021,FTABLETP,Tablet or other portable wireless computer allocation flag,chr,housing,b,b,N/A (GQ),TRUE,1,-1
acs5,2021,FTABLETP,Tablet or other portable wireless computer allocation flag,chr,housing,0,0,No,TRUE,1,-1
acs5,2021,FTABLETP,Tablet or other portable wireless computer allocation flag,chr,housing,1,1,Yes,TRUE,1,-1
acs5,2021,FTAXP,Property taxes (yearly amount) allocation flag,chr,housing,b,b,N/A (GQ),TRUE,1,-1
acs5,2021,FTAXP,Property taxes (yearly amount) allocation flag,chr,housing,0,0,No,TRUE,1,-1
acs5,2021,FTAXP,Property taxes (yearly amount) allocation flag,chr,housing,1,1,Yes,TRUE,1,-1
acs5,2021,FTELP,Telephone service allocation flag,chr,housing,b,b,N/A (GQ),TRUE,1,-1
acs5,2021,FTELP,Telephone service allocation flag,chr,housing,0,0,No,TRUE,1,-1
acs5,2021,FTELP,Telephone service allocation flag,chr,housing,1,1,Yes,TRUE,1,-1
acs5,2021,FTENP,Tenure allocation flag,chr,housing,b,b,N/A (GQ),TRUE,1,-1
acs5,2021,FTENP,Tenure allocation flag,chr,housing,0,0,No,TRUE,1,-1
acs5,2021,FTENP,Tenure allocation flag,chr,housing,1,1,Yes,TRUE,1,-1
acs5,2021,FVACSP,Vacancy status allocation flag,chr,housing,b,b,N/A (GQ),TRUE,1,-1
acs5,2021,FVACSP,Vacancy status allocation flag,chr,housing,0,0,No,TRUE,1,-1
acs5,2021,FVACSP,Vacancy status allocation flag,chr,housing,1,1,Yes,TRUE,1,-1
acs5,2021,FVALP,Property value allocation flag,chr,housing,b,b,N/A (GQ),TRUE,1,-1
acs5,2021,FVALP,Property value allocation flag,chr,housing,0,0,No,TRUE,1,-1
acs5,2021,FVALP,Property value allocation flag,chr,housing,1,1,Yes,TRUE,1,-1
acs5,2021,FVEHP,Vehicles available allocation flag,chr,housing,b,b,N/A (GQ),TRUE,1,-1
acs5,2021,FVEHP,Vehicles available allocation flag,chr,housing,0,0,No,TRUE,1,-1
acs5,2021,FVEHP,Vehicles available allocation flag,chr,housing,1,1,Yes,TRUE,1,-1
acs5,2021,FWATP,Water cost (yearly cost) allocation flag,chr,housing,b,b,N/A (GQ),TRUE,1,-1
acs5,2021,FWATP,Water cost (yearly cost) allocation flag,chr,housing,0,0,No,TRUE,1,-1
acs5,2021,FWATP,Water cost (yearly cost) allocation flag,chr,housing,1,1,Yes,TRUE,1,-1
acs5,2021,FYRBLTP,When structure first built allocation flag,chr,housing,b,b,N/A (GQ),TRUE,1,-1
acs5,2021,FYRBLTP,When structure first built allocation flag,chr,housing,0,0,No,TRUE,1,-1
acs5,2021,FYRBLTP,When structure first built allocation flag,chr,housing,1,1,Yes,TRUE,1,-1
acs5,2021,WGTP1,Housing Unit Weight replicate 1,num,housing,-9999,9999,Integer weight of housing unit,FALSE,NA,NA
acs5,2021,WGTP2,Housing Unit Weight replicate 2,num,housing,-9999,9999,Integer weight of housing unit,FALSE,NA,NA
acs5,2021,WGTP3,Housing Unit Weight replicate 3,num,housing,-9999,9999,Integer weight of housing unit,FALSE,NA,NA
acs5,2021,WGTP4,Housing Unit Weight replicate 4,num,housing,-9999,9999,Integer weight of housing unit,FALSE,NA,NA
acs5,2021,WGTP5,Housing Unit Weight replicate 5,num,housing,-9999,9999,Integer weight of housing unit,FALSE,NA,NA
acs5,2021,WGTP6,Housing Unit Weight replicate 6,num,housing,-9999,9999,Integer weight of housing unit,FALSE,NA,NA
acs5,2021,WGTP7,Housing Unit Weight replicate 7,num,housing,-9999,9999,Integer weight of housing unit,FALSE,NA,NA
acs5,2021,WGTP8,Housing Unit Weight replicate 8,num,housing,-9999,9999,Integer weight of housing unit,FALSE,NA,NA
acs5,2021,WGTP9,Housing Unit Weight replicate 9,num,housing,-9999,9999,Integer weight of housing unit,FALSE,NA,NA
acs5,2021,WGTP10,Housing Unit Weight replicate 10,num,housing,-9999,9999,Integer weight of housing unit,FALSE,NA,NA
acs5,2021,WGTP11,Housing Unit Weight replicate 11,num,housing,-9999,9999,Integer weight of housing unit,FALSE,NA,NA
acs5,2021,WGTP12,Housing Unit Weight replicate 12,num,housing,-9999,9999,Integer weight of housing unit,FALSE,NA,NA
acs5,2021,WGTP13,Housing Unit Weight replicate 13,num,housing,-9999,9999,Integer weight of housing unit,FALSE,NA,NA
acs5,2021,WGTP14,Housing Unit Weight replicate 14,num,housing,-9999,9999,Integer weight of housing unit,FALSE,NA,NA
acs5,2021,WGTP15,Housing Unit Weight replicate 15,num,housing,-9999,9999,Integer weight of housing unit,FALSE,NA,NA
acs5,2021,WGTP16,Housing Unit Weight replicate 16,num,housing,-9999,9999,Integer weight of housing unit,FALSE,NA,NA
acs5,2021,WGTP17,Housing Unit Weight replicate 17,num,housing,-9999,9999,Integer weight of housing unit,FALSE,NA,NA
acs5,2021,WGTP18,Housing Unit Weight replicate 18,num,housing,-9999,9999,Integer weight of housing unit,FALSE,NA,NA
acs5,2021,WGTP19,Housing Unit Weight replicate 19,num,housing,-9999,9999,Integer weight of housing unit,FALSE,NA,NA
acs5,2021,WGTP20,Housing Unit Weight replicate 20,num,housing,-9999,9999,Integer weight of housing unit,FALSE,NA,NA
acs5,2021,WGTP21,Housing Unit Weight replicate 21,num,housing,-9999,9999,Integer weight of housing unit,FALSE,NA,NA
acs5,2021,WGTP22,Housing Unit Weight replicate 22,num,housing,-9999,9999,Integer weight of housing unit,FALSE,NA,NA
acs5,2021,WGTP23,Housing Unit Weight replicate 23,num,housing,-9999,9999,Integer weight of housing unit,FALSE,NA,NA
acs5,2021,WGTP24,Housing Unit Weight replicate 24,num,housing,-9999,9999,Integer weight of housing unit,FALSE,NA,NA
acs5,2021,WGTP25,Housing Unit Weight replicate 25,num,housing,-9999,9999,Integer weight of housing unit,FALSE,NA,NA
acs5,2021,WGTP26,Housing Unit Weight replicate 26,num,housing,-9999,9999,Integer weight of housing unit,FALSE,NA,NA
acs5,2021,WGTP27,Housing Unit Weight replicate 27,num,housing,-9999,9999,Integer weight of housing unit,FALSE,NA,NA
acs5,2021,WGTP28,Housing Unit Weight replicate 28,num,housing,-9999,9999,Integer weight of housing unit,FALSE,NA,NA
acs5,2021,WGTP29,Housing Unit Weight replicate 29,num,housing,-9999,9999,Integer weight of housing unit,FALSE,NA,NA
acs5,2021,WGTP30,Housing Unit Weight replicate 30,num,housing,-9999,9999,Integer weight of housing unit,FALSE,NA,NA
acs5,2021,WGTP31,Housing Unit Weight replicate 31,num,housing,-9999,9999,Integer weight of housing unit,FALSE,NA,NA
acs5,2021,WGTP32,Housing Unit Weight replicate 32,num,housing,-9999,9999,Integer weight of housing unit,FALSE,NA,NA
acs5,2021,WGTP33,Housing Unit Weight replicate 33,num,housing,-9999,9999,Integer weight of housing unit,FALSE,NA,NA
acs5,2021,WGTP34,Housing Unit Weight replicate 34,num,housing,-9999,9999,Integer weight of housing unit,FALSE,NA,NA
acs5,2021,WGTP35,Housing Unit Weight replicate 35,num,housing,-9999,9999,Integer weight of housing unit,FALSE,NA,NA
acs5,2021,WGTP36,Housing Unit Weight replicate 36,num,housing,-9999,9999,Integer weight of housing unit,FALSE,NA,NA
acs5,2021,WGTP37,Housing Unit Weight replicate 37,num,housing,-9999,9999,Integer weight of housing unit,FALSE,NA,NA
acs5,2021,WGTP38,Housing Unit Weight replicate 38,num,housing,-9999,9999,Integer weight of housing unit,FALSE,NA,NA
acs5,2021,WGTP39,Housing Unit Weight replicate 39,num,housing,-9999,9999,Integer weight of housing unit,FALSE,NA,NA
acs5,2021,WGTP40,Housing Unit Weight replicate 40,num,housing,-9999,9999,Integer weight of housing unit,FALSE,NA,NA
acs5,2021,WGTP41,Housing Unit Weight replicate 41,num,housing,-9999,9999,Integer weight of housing unit,FALSE,NA,NA
acs5,2021,WGTP42,Housing Unit Weight replicate 42,num,housing,-9999,9999,Integer weight of housing unit,FALSE,NA,NA
acs5,2021,WGTP43,Housing Unit Weight replicate 43,num,housing,-9999,9999,Integer weight of housing unit,FALSE,NA,NA
acs5,2021,WGTP44,Housing Unit Weight replicate 44,num,housing,-9999,9999,Integer weight of housing unit,FALSE,NA,NA
acs5,2021,WGTP45,Housing Unit Weight replicate 45,num,housing,-9999,9999,Integer weight of housing unit,FALSE,NA,NA
acs5,2021,WGTP46,Housing Unit Weight replicate 46,num,housing,-9999,9999,Integer weight of housing unit,FALSE,NA,NA
acs5,2021,WGTP47,Housing Unit Weight replicate 47,num,housing,-9999,9999,Integer weight of housing unit,FALSE,NA,NA
acs5,2021,WGTP48,Housing Unit Weight replicate 48,num,housing,-9999,9999,Integer weight of housing unit,FALSE,NA,NA
acs5,2021,WGTP49,Housing Unit Weight replicate 49,num,housing,-9999,9999,Integer weight of housing unit,FALSE,NA,NA
acs5,2021,WGTP50,Housing Unit Weight replicate 50,num,housing,-9999,9999,Integer weight of housing unit,FALSE,NA,NA
acs5,2021,WGTP51,Housing Unit Weight replicate 51,num,housing,-9999,9999,Integer weight of housing unit,FALSE,NA,NA
acs5,2021,WGTP52,Housing Unit Weight replicate 52,num,housing,-9999,9999,Integer weight of housing unit,FALSE,NA,NA
acs5,2021,WGTP53,Housing Unit Weight replicate 53,num,housing,-9999,9999,Integer weight of housing unit,FALSE,NA,NA
acs5,2021,WGTP54,Housing Unit Weight replicate 54,num,housing,-9999,9999,Integer weight of housing unit,FALSE,NA,NA
acs5,2021,WGTP55,Housing Unit Weight replicate 55,num,housing,-9999,9999,Integer weight of housing unit,FALSE,NA,NA
acs5,2021,WGTP56,Housing Unit Weight replicate 56,num,housing,-9999,9999,Integer weight of housing unit,FALSE,NA,NA
acs5,2021,WGTP57,Housing Unit Weight replicate 57,num,housing,-9999,9999,Integer weight of housing unit,FALSE,NA,NA
acs5,2021,WGTP58,Housing Unit Weight replicate 58,num,housing,-9999,9999,Integer weight of housing unit,FALSE,NA,NA
acs5,2021,WGTP59,Housing Unit Weight replicate 59,num,housing,-9999,9999,Integer weight of housing unit,FALSE,NA,NA
acs5,2021,WGTP60,Housing Unit Weight replicate 60,num,housing,-9999,9999,Integer weight of housing unit,FALSE,NA,NA
acs5,2021,WGTP61,Housing Unit Weight replicate 61,num,housing,-9999,9999,Integer weight of housing unit,FALSE,NA,NA
acs5,2021,WGTP62,Housing Unit Weight replicate 62,num,housing,-9999,9999,Integer weight of housing unit,FALSE,NA,NA
acs5,2021,WGTP63,Housing Unit Weight replicate 63,num,housing,-9999,9999,Integer weight of housing unit,FALSE,NA,NA
acs5,2021,WGTP64,Housing Unit Weight replicate 64,num,housing,-9999,9999,Integer weight of housing unit,FALSE,NA,NA
acs5,2021,WGTP65,Housing Unit Weight replicate 65,num,housing,-9999,9999,Integer weight of housing unit,FALSE,NA,NA
acs5,2021,WGTP66,Housing Unit Weight replicate 66,num,housing,-9999,9999,Integer weight of housing unit,FALSE,NA,NA
acs5,2021,WGTP67,Housing Unit Weight replicate 67,num,housing,-9999,9999,Integer weight of housing unit,FALSE,NA,NA
acs5,2021,WGTP68,Housing Unit Weight replicate 68,num,housing,-9999,9999,Integer weight of housing unit,FALSE,NA,NA
acs5,2021,WGTP69,Housing Unit Weight replicate 69,num,housing,-9999,9999,Integer weight of housing unit,FALSE,NA,NA
acs5,2021,WGTP70,Housing Unit Weight replicate 70,num,housing,-9999,9999,Integer weight of housing unit,FALSE,NA,NA
acs5,2021,WGTP71,Housing Unit Weight replicate 71,num,housing,-9999,9999,Integer weight of housing unit,FALSE,NA,NA
acs5,2021,WGTP72,Housing Unit Weight replicate 72,num,housing,-9999,9999,Integer weight of housing unit,FALSE,NA,NA
acs5,2021,WGTP73,Housing Unit Weight replicate 73,num,housing,-9999,9999,Integer weight of housing unit,FALSE,NA,NA
acs5,2021,WGTP74,Housing Unit Weight replicate 74,num,housing,-9999,9999,Integer weight of housing unit,FALSE,NA,NA
acs5,2021,WGTP75,Housing Unit Weight replicate 75,num,housing,-9999,9999,Integer weight of housing unit,FALSE,NA,NA
acs5,2021,WGTP76,Housing Unit Weight replicate 76,num,housing,-9999,9999,Integer weight of housing unit,FALSE,NA,NA
acs5,2021,WGTP77,Housing Unit Weight replicate 77,num,housing,-9999,9999,Integer weight of housing unit,FALSE,NA,NA
acs5,2021,WGTP78,Housing Unit Weight replicate 78,num,housing,-9999,9999,Integer weight of housing unit,FALSE,NA,NA
acs5,2021,WGTP79,Housing Unit Weight replicate 79,num,housing,-9999,9999,Integer weight of housing unit,FALSE,NA,NA
acs5,2021,WGTP80,Housing Unit Weight replicate 80,num,housing,-9999,9999,Integer weight of housing unit,FALSE,NA,NA
acs5,2021,RT,Record Type,chr,housing,H,H,Housing Record or Group Quarters Unit,TRUE,1,NA
acs5,2021,RT,Record Type,chr,housing,P,P,Person Record,TRUE,1,NA
